Date,open,high,low,close
4-Jan-16,2038.2,2038.2,1989.68,2012.66
5-Jan-16,2013.78,2021.94,2004.17,2016.71
6-Jan-16,2011.71,2011.71,1979.05,1990.26
7-Jan-16,1985.32,1985.32,1938.83,1943.09
8-Jan-16,1945.97,1960.4,1918.46,1922.03
11-Jan-16,1926.12,1935.65,1901.1,1923.67
12-Jan-16,1927.83,1947.38,1914.35,1938.68
13-Jan-16,1940.34,1950.33,1886.41,1890.28
14-Jan-16,1891.68,1934.47,1878.93,1921.84
15-Jan-16,1916.68,1916.68,1857.83,1880.33
19-Jan-16,1888.66,1901.44,1864.6,1881.33
20-Jan-16,1876.18,1876.18,1812.29,1859.33
21-Jan-16,1861.46,1889.85,1848.98,1868.99
22-Jan-16,1877.4,1908.85,1877.4,1906.9
25-Jan-16,1906.28,1906.28,1875.97,1877.08
26-Jan-16,1878.79,1906.73,1878.79,1903.63
27-Jan-16,1902.52,1916.99,1872.7,1882.95
28-Jan-16,1885.22,1902.96,1873.65,1893.36
29-Jan-16,1894.0,1940.24,1894.0,1940.24
1-Feb-16,1936.94,1947.2,1920.3,1939.38
2-Feb-16,1935.26,1935.26,1897.29,1903.03
3-Feb-16,1907.07,1918.01,1872.23,1912.53
4-Feb-16,1911.67,1927.35,1900.52,1915.45
5-Feb-16,1913.07,1913.07,1872.65,1880.05
8-Feb-16,1873.25,1873.25,1828.46,1853.44
9-Feb-16,1848.46,1868.25,1834.94,1852.21
10-Feb-16,1857.1,1881.6,1850.32,1851.86
11-Feb-16,1847.0,1847.0,1810.1,1829.08
12-Feb-16,1833.4,1864.78,1833.4,1864.78
16-Feb-16,1871.44,1895.77,1871.44,1895.58
17-Feb-16,1898.8,1930.68,1898.8,1926.82
18-Feb-16,1927.57,1930.0,1915.09,1917.83
19-Feb-16,1916.74,1918.78,1902.17,1917.78
22-Feb-16,1924.44,1946.7,1924.44,1945.5
23-Feb-16,1942.38,1942.38,1919.44,1921.27
24-Feb-16,1917.56,1932.08,1891.0,1929.8
25-Feb-16,1931.87,1951.83,1925.41,1951.7
26-Feb-16,1954.95,1962.96,1945.78,1948.05
29-Feb-16,1947.13,1958.27,1931.81,1932.23
1-Mar-16,1937.09,1978.35,1937.09,1978.35
2-Mar-16,1976.6,1986.51,1968.8,1986.45
3-Mar-16,1985.6,1993.69,1977.37,1993.4
4-Mar-16,1994.01,2009.13,1986.77,1999.99
7-Mar-16,1996.11,2006.12,1989.38,2001.76
8-Mar-16,1996.88,1996.88,1977.43,1979.26
9-Mar-16,1981.44,1992.69,1979.84,1989.26
10-Mar-16,1990.97,2005.08,1969.25,1989.57
11-Mar-16,1994.71,2022.37,1994.71,2022.19
14-Mar-16,2019.27,2024.57,2012.05,2019.64
15-Mar-16,2015.27,2015.94,2005.23,2015.93
16-Mar-16,2014.24,2032.02,2010.04,2027.22
17-Mar-16,2026.9,2046.24,2022.16,2040.59
18-Mar-16,2041.16,2052.36,2041.16,2049.58
21-Mar-16,2047.88,2053.91,2043.14,2051.6
22-Mar-16,2048.64,2056.6,2040.57,2049.8
23-Mar-16,2048.55,2048.55,2034.86,2036.71
24-Mar-16,2032.48,2036.04,2022.49,2035.94
28-Mar-16,2037.89,2042.67,2031.96,2037.05
29-Mar-16,2035.75,2055.91,2028.31,2055.01
30-Mar-16,2058.27,2072.21,2058.27,2063.95
31-Mar-16,2063.77,2067.92,2057.46,2059.74
1-Apr-16,2056.62,2075.07,2043.98,2072.78
4-Apr-16,2073.19,2074.02,2062.57,2066.13
5-Apr-16,2062.5,2062.5,2042.56,2045.17
6-Apr-16,2045.56,2067.33,2043.09,2066.66
7-Apr-16,2063.01,2063.01,2033.8,2041.91
8-Apr-16,2045.54,2060.63,2041.69,2047.6
11-Apr-16,2050.23,2062.93,2041.88,2041.99
12-Apr-16,2043.72,2065.05,2039.74,2061.72
13-Apr-16,2065.92,2083.18,2065.92,2082.42
14-Apr-16,2082.89,2087.84,2078.13,2082.78
15-Apr-16,2083.1,2083.22,2076.31,2080.73
18-Apr-16,2078.83,2094.66,2073.65,2094.34
19-Apr-16,2096.05,2104.05,2091.68,2100.8
20-Apr-16,2101.52,2111.05,2096.32,2102.4
21-Apr-16,2102.09,2103.78,2088.52,2091.48
22-Apr-16,2091.49,2094.32,2081.2,2091.58
25-Apr-16,2089.37,2089.37,2077.52,2087.79
26-Apr-16,2089.84,2096.87,2085.8,2091.7
27-Apr-16,2092.33,2099.89,2082.31,2095.15
28-Apr-16,2090.93,2099.3,2071.62,2075.81
29-Apr-16,2071.82,2073.85,2052.28,2065.3
2-May-16,2067.17,2083.42,2066.11,2081.43
3-May-16,2077.18,2077.18,2054.89,2063.37
4-May-16,2060.3,2060.3,2045.55,2051.12
5-May-16,2052.95,2060.23,2045.77,2050.63
6-May-16,2047.77,2057.72,2039.45,2057.14
9-May-16,2057.55,2064.15,2054.31,2058.69
10-May-16,2062.63,2084.87,2062.63,2084.39
11-May-16,2083.29,2083.29,2064.46,2064.46
12-May-16,2067.17,2073.99,2053.13,2064.11
13-May-16,2062.5,2066.79,2043.13,2046.61
16-May-16,2046.53,2071.88,2046.53,2066.66
17-May-16,2065.04,2065.69,2040.82,2047.21
18-May-16,2044.38,2060.61,2034.49,2047.63
19-May-16,2044.21,2044.21,2025.91,2040.04
20-May-16,2041.88,2058.35,2041.88,2052.32
23-May-16,2052.23,2055.58,2047.26,2048.04
24-May-16,2052.65,2079.67,2052.65,2076.06
25-May-16,2078.93,2094.73,2078.93,2090.54
26-May-16,2091.44,2094.3,2087.08,2090.1
27-May-16,2090.06,2099.06,2090.06,2099.06
31-May-16,2100.13,2103.48,2088.66,2096.95
1-Jun-16,2093.94,2100.97,2085.1,2099.33
2-Jun-16,2097.71,2105.26,2088.59,2105.26
3-Jun-16,2104.07,2104.07,2085.36,2099.13
6-Jun-16,2100.83,2113.36,2100.83,2109.41
7-Jun-16,2110.18,2119.22,2110.18,2112.13
8-Jun-16,2112.71,2120.55,2112.71,2119.12
9-Jun-16,2115.65,2117.64,2107.73,2115.48
10-Jun-16,2109.57,2109.57,2089.96,2096.07
13-Jun-16,2091.75,2098.12,2078.46,2079.06
14-Jun-16,2076.65,2081.3,2064.1,2075.32
15-Jun-16,2077.6,2085.65,2069.8,2071.5
16-Jun-16,2066.36,2079.62,2050.37,2077.99
17-Jun-16,2078.2,2078.2,2062.84,2071.22
20-Jun-16,2075.58,2100.66,2075.58,2083.25
21-Jun-16,2085.19,2093.66,2083.02,2088.9
22-Jun-16,2089.75,2099.71,2084.36,2085.45
23-Jun-16,2092.8,2113.32,2092.8,2113.32
24-Jun-16,2103.81,2103.81,2032.57,2037.41
27-Jun-16,2031.45,2031.45,1991.68,2000.54
28-Jun-16,2006.67,2036.09,2006.67,2036.09
29-Jun-16,2042.69,2073.13,2042.69,2070.77
30-Jun-16,2073.17,2098.94,2070.0,2098.86
1-Jul-16,2099.34,2108.71,2097.9,2102.95
5-Jul-16,2095.05,2095.05,2080.86,2088.55
6-Jul-16,2084.43,2100.72,2074.02,2099.73
7-Jul-16,2100.42,2109.08,2089.39,2097.9
8-Jul-16,2106.97,2131.71,2106.97,2129.9
11-Jul-16,2131.72,2143.16,2131.72,2137.16
12-Jul-16,2139.5,2155.4,2139.5,2152.14
13-Jul-16,2153.81,2156.45,2146.21,2152.43
14-Jul-16,2157.88,2168.99,2157.88,2163.75
15-Jul-16,2165.13,2169.05,2155.79,2161.74
18-Jul-16,2162.04,2168.35,2159.63,2166.89
19-Jul-16,2163.79,2164.63,2159.01,2163.78
20-Jul-16,2166.1,2175.63,2164.89,2173.02
21-Jul-16,2172.91,2174.56,2159.75,2165.17
22-Jul-16,2166.47,2175.11,2163.24,2175.03
25-Jul-16,2173.71,2173.71,2161.95,2168.48
26-Jul-16,2168.97,2173.54,2160.18,2169.18
27-Jul-16,2169.81,2174.98,2159.07,2166.58
28-Jul-16,2166.05,2172.85,2159.74,2170.06
29-Jul-16,2168.83,2177.09,2163.49,2173.6
1-Aug-16,2173.15,2178.29,2166.21,2170.84
2-Aug-16,2169.94,2170.2,2147.58,2157.03
3-Aug-16,2156.81,2163.79,2152.56,2163.79
4-Aug-16,2163.51,2168.19,2159.07,2164.25
5-Aug-16,2168.79,2182.87,2168.79,2182.87
8-Aug-16,2183.76,2185.44,2177.85,2180.89
9-Aug-16,2182.24,2187.66,2178.61,2181.74
10-Aug-16,2182.81,2183.41,2172.0,2175.49
11-Aug-16,2177.97,2188.45,2177.97,2185.79
12-Aug-16,2183.74,2186.28,2179.42,2184.05
15-Aug-16,2186.08,2193.81,2186.08,2190.15
16-Aug-16,2186.24,2186.24,2178.14,2178.15
17-Aug-16,2177.84,2183.08,2168.5,2182.22
18-Aug-16,2181.9,2187.03,2180.46,2187.02
19-Aug-16,2184.24,2185.0,2175.13,2183.87
22-Aug-16,2181.58,2185.15,2175.96,2182.64
23-Aug-16,2187.81,2193.42,2186.8,2186.9
24-Aug-16,2185.09,2186.66,2171.25,2175.44
25-Aug-16,2173.29,2179.0,2169.74,2172.47
26-Aug-16,2175.1,2187.94,2160.39,2169.04
29-Aug-16,2170.19,2183.48,2170.19,2180.38
30-Aug-16,2179.45,2182.27,2170.41,2176.12
31-Aug-16,2173.56,2173.79,2161.35,2170.95
1-Sep-16,2171.33,2173.56,2157.09,2170.86
2-Sep-16,2177.49,2184.87,2173.59,2179.98
6-Sep-16,2181.61,2186.57,2175.1,2186.48
7-Sep-16,2185.17,2187.87,2179.07,2186.16
8-Sep-16,2182.76,2184.94,2177.49,2181.3
9-Sep-16,2169.08,2169.08,2127.81,2127.81
12-Sep-16,2120.86,2163.3,2119.12,2159.04
13-Sep-16,2150.47,2150.47,2120.27,2127.02
14-Sep-16,2127.86,2141.33,2119.9,2125.77
15-Sep-16,2125.36,2151.31,2122.36,2147.26
16-Sep-16,2146.48,2146.48,2131.2,2139.16
19-Sep-16,2143.99,2153.61,2135.91,2139.12
20-Sep-16,2145.94,2150.8,2139.17,2139.76
21-Sep-16,2144.58,2165.11,2139.57,2163.12
22-Sep-16,2170.94,2179.99,2170.94,2177.18
23-Sep-16,2173.29,2173.75,2163.97,2164.69
26-Sep-16,2158.54,2158.54,2145.04,2146.1
27-Sep-16,2146.04,2161.13,2141.55,2159.93
28-Sep-16,2161.85,2172.4,2151.79,2171.37
29-Sep-16,2168.9,2172.67,2145.2,2151.13
30-Sep-16,2156.51,2175.3,2156.51,2168.27
3-Oct-16,2164.33,2164.41,2154.77,2161.2
4-Oct-16,2163.37,2165.46,2144.01,2150.49
5-Oct-16,2155.15,2163.95,2155.15,2159.73
6-Oct-16,2158.22,2162.93,2150.28,2160.77
7-Oct-16,2164.19,2165.86,2144.85,2153.74
10-Oct-16,2160.39,2169.6,2160.39,2163.66
11-Oct-16,2161.35,2161.56,2128.84,2136.73
12-Oct-16,2137.67,2145.36,2132.77,2139.18
13-Oct-16,2130.26,2138.19,2114.72,2132.55
14-Oct-16,2139.68,2149.19,2132.98,2132.98
17-Oct-16,2132.95,2135.61,2124.43,2126.5
18-Oct-16,2138.31,2144.38,2135.49,2139.6
19-Oct-16,2140.81,2148.44,2138.15,2144.29
20-Oct-16,2142.51,2147.18,2133.44,2141.34
21-Oct-16,2139.43,2142.63,2130.09,2141.16
24-Oct-16,2148.5,2154.79,2146.91,2151.33
25-Oct-16,2149.72,2151.44,2141.93,2143.16
26-Oct-16,2136.97,2145.73,2131.59,2139.43
27-Oct-16,2144.06,2147.13,2132.52,2133.04
28-Oct-16,2132.23,2140.72,2119.36,2126.41
31-Oct-16,2129.78,2133.25,2125.53,2126.15
1-Nov-16,2128.68,2131.45,2097.85,2111.72
2-Nov-16,2109.43,2111.76,2094.0,2097.94
3-Nov-16,2098.8,2102.56,2085.23,2088.66
4-Nov-16,2083.79,2099.07,2083.79,2085.18
7-Nov-16,2100.59,2132.0,2100.59,2131.52
8-Nov-16,2129.92,2146.87,2123.56,2139.56
9-Nov-16,2131.56,2170.1,2125.35,2163.26
10-Nov-16,2167.49,2182.3,2151.17,2167.48
11-Nov-16,2162.71,2165.92,2152.49,2164.45
14-Nov-16,2165.64,2171.36,2156.08,2164.2
15-Nov-16,2168.29,2180.84,2166.38,2180.39
16-Nov-16,2177.53,2179.22,2172.2,2176.94
17-Nov-16,2178.61,2188.06,2176.65,2187.12
18-Nov-16,2186.85,2189.89,2180.38,2181.9
21-Nov-16,2186.43,2198.7,2186.43,2198.18
22-Nov-16,2201.56,2204.8,2194.51,2202.94
23-Nov-16,2198.55,2204.72,2194.51,2204.72
25-Nov-16,2206.27,2213.35,2206.27,2213.35
28-Nov-16,2210.21,2211.14,2200.36,2201.72
29-Nov-16,2200.76,2210.46,2198.15,2204.66
30-Nov-16,2204.97,2214.1,2198.81,2198.81
1-Dec-16,2200.17,2202.6,2187.44,2191.08
2-Dec-16,2191.12,2197.95,2188.37,2191.95
5-Dec-16,2200.65,2209.42,2199.97,2204.71
6-Dec-16,2207.26,2212.78,2202.21,2212.23
7-Dec-16,2210.72,2241.63,2208.93,2241.35
8-Dec-16,2241.13,2251.69,2237.57,2246.19
9-Dec-16,2249.73,2259.8,2249.23,2259.53
12-Dec-16,2258.83,2264.03,2252.37,2256.96
13-Dec-16,2263.32,2277.53,2263.32,2271.72
14-Dec-16,2268.35,2276.2,2248.44,2253.28
15-Dec-16,2253.77,2272.12,2253.77,2262.03
16-Dec-16,2266.81,2268.05,2254.24,2258.07
19-Dec-16,2259.24,2267.47,2258.21,2262.53
20-Dec-16,2266.5,2272.56,2266.14,2270.76
21-Dec-16,2270.54,2271.23,2265.15,2265.18
22-Dec-16,2262.93,2263.18,2256.08,2260.96
23-Dec-16,2260.25,2263.79,2258.84,2263.79
27-Dec-16,2266.23,2273.82,2266.15,2268.88
28-Dec-16,2270.23,2271.31,2249.11,2249.92
29-Dec-16,2249.5,2254.51,2244.56,2249.26
30-Dec-16,2251.61,2253.58,2233.62,2238.83
3-Jan-17,2251.57,2263.88,2245.13,2257.83
4-Jan-17,2261.6,2272.82,2261.6,2270.75
5-Jan-17,2268.18,2271.5,2260.45,2269.0
6-Jan-17,2271.14,2282.1,2264.06,2276.98
9-Jan-17,2273.59,2275.49,2268.9,2268.9
10-Jan-17,2269.72,2279.27,2265.27,2268.9
11-Jan-17,2268.6,2275.32,2260.83,2275.32
12-Jan-17,2271.14,2271.78,2254.25,2270.44
13-Jan-17,2272.74,2278.68,2271.51,2274.64
17-Jan-17,2269.14,2272.08,2262.81,2267.89
18-Jan-17,2269.14,2272.01,2263.35,2271.89
19-Jan-17,2271.9,2274.33,2258.41,2263.69
20-Jan-17,2269.96,2276.96,2265.01,2271.31
23-Jan-17,2267.78,2271.78,2257.02,2265.2
24-Jan-17,2267.88,2284.63,2266.68,2280.07
25-Jan-17,2288.88,2299.55,2288.88,2298.37
26-Jan-17,2298.63,2300.99,2294.08,2296.68
27-Jan-17,2299.02,2299.02,2291.62,2294.69
30-Jan-17,2286.01,2286.01,2268.04,2280.9
31-Jan-17,2274.02,2279.09,2267.21,2278.87
1-Feb-17,2285.59,2289.14,2272.44,2279.55
2-Feb-17,2276.69,2283.97,2271.65,2280.85
3-Feb-17,2288.54,2298.31,2287.88,2297.42
6-Feb-17,2294.28,2296.18,2288.57,2292.56
7-Feb-17,2295.87,2299.4,2290.16,2293.08
8-Feb-17,2289.55,2295.91,2285.38,2294.67
9-Feb-17,2296.7,2311.08,2296.61,2307.87
10-Feb-17,2312.27,2319.23,2311.1,2316.1
13-Feb-17,2321.72,2331.58,2321.42,2328.25
14-Feb-17,2326.12,2337.58,2322.17,2337.58
15-Feb-17,2335.58,2351.3,2334.81,2349.25
16-Feb-17,2349.64,2351.31,2338.87,2347.22
17-Feb-17,2343.01,2351.16,2339.58,2351.16
21-Feb-17,2354.91,2366.71,2354.91,2365.38
22-Feb-17,2361.11,2365.13,2358.34,2362.82
23-Feb-17,2367.5,2368.26,2355.09,2363.81
24-Feb-17,2355.73,2367.34,2352.87,2367.34
27-Feb-17,2365.23,2371.54,2361.87,2369.75
28-Feb-17,2366.08,2367.79,2358.96,2363.64
1-Mar-17,2380.13,2400.98,2380.13,2395.96
2-Mar-17,2394.75,2394.75,2380.17,2381.92
3-Mar-17,2380.92,2383.89,2375.39,2383.12
6-Mar-17,2375.23,2378.8,2367.98,2375.31
7-Mar-17,2370.74,2375.12,2365.51,2368.39
8-Mar-17,2369.81,2373.09,2361.01,2362.98
9-Mar-17,2363.49,2369.08,2354.54,2364.87
10-Mar-17,2372.52,2376.86,2363.04,2372.6
13-Mar-17,2371.56,2374.42,2368.52,2373.47
14-Mar-17,2368.55,2368.55,2358.18,2365.45
15-Mar-17,2370.34,2390.01,2368.94,2385.26
16-Mar-17,2387.71,2388.1,2377.18,2381.38
17-Mar-17,2383.71,2385.71,2377.64,2378.25
20-Mar-17,2378.24,2379.55,2369.66,2373.47
21-Mar-17,2379.32,2381.93,2341.9,2344.02
22-Mar-17,2343.0,2351.81,2336.45,2348.45
23-Mar-17,2345.97,2358.92,2342.13,2345.96
24-Mar-17,2350.42,2356.22,2335.74,2343.98
27-Mar-17,2329.11,2344.9,2322.25,2341.59
28-Mar-17,2339.79,2363.78,2337.63,2358.57
29-Mar-17,2356.54,2363.36,2352.94,2361.13
30-Mar-17,2361.31,2370.42,2358.58,2368.06
31-Mar-17,2364.82,2370.35,2362.6,2362.72
3-Apr-17,2362.34,2365.87,2344.73,2358.84
4-Apr-17,2354.76,2360.53,2350.72,2360.16
5-Apr-17,2366.59,2378.36,2350.52,2352.95
6-Apr-17,2353.79,2364.16,2348.9,2357.49
7-Apr-17,2356.59,2363.76,2350.74,2355.54
10-Apr-17,2357.16,2366.37,2351.5,2357.16
11-Apr-17,2353.92,2355.22,2337.25,2353.78
12-Apr-17,2352.15,2352.72,2341.18,2344.93
13-Apr-17,2341.98,2348.26,2328.95,2328.95
17-Apr-17,2332.62,2349.14,2332.51,2349.01
18-Apr-17,2342.53,2348.35,2334.54,2342.19
19-Apr-17,2346.79,2352.63,2335.05,2338.17
20-Apr-17,2342.69,2361.37,2340.91,2355.84
21-Apr-17,2354.74,2356.18,2344.51,2348.69
24-Apr-17,2370.33,2376.98,2369.19,2374.15
25-Apr-17,2381.51,2392.48,2381.15,2388.61
26-Apr-17,2388.98,2398.16,2386.78,2387.45
27-Apr-17,2389.7,2392.1,2382.68,2388.77
28-Apr-17,2393.68,2393.68,2382.36,2384.2
1-May-17,2388.5,2394.49,2384.83,2388.33
2-May-17,2391.05,2392.93,2385.82,2391.17
3-May-17,2386.5,2389.82,2379.75,2388.13
4-May-17,2389.79,2391.43,2380.35,2389.52
5-May-17,2392.37,2399.29,2389.38,2399.29
8-May-17,2399.94,2401.36,2393.92,2399.38
9-May-17,2401.58,2403.87,2392.44,2396.92
10-May-17,2396.79,2399.74,2392.79,2399.63
11-May-17,2394.84,2395.72,2381.74,2394.44
12-May-17,2392.44,2392.44,2387.19,2390.9
15-May-17,2393.98,2404.05,2393.94,2402.32
16-May-17,2404.55,2405.77,2396.05,2400.67
17-May-17,2382.95,2384.87,2356.21,2357.03
18-May-17,2354.69,2375.74,2352.72,2365.72
19-May-17,2371.37,2389.06,2370.43,2381.73
22-May-17,2387.21,2395.46,2386.92,2394.02
23-May-17,2397.04,2400.85,2393.88,2398.42
24-May-17,2401.41,2405.58,2397.99,2404.39
25-May-17,2409.54,2418.71,2408.01,2415.07
26-May-17,2414.5,2416.68,2412.2,2415.82
30-May-17,2411.67,2415.26,2409.43,2412.91
31-May-17,2415.63,2415.99,2403.59,2411.8
1-Jun-17,2415.65,2430.06,2413.54,2430.06
2-Jun-17,2431.28,2440.23,2427.71,2439.07
5-Jun-17,2437.83,2439.55,2434.32,2436.1
6-Jun-17,2431.92,2436.21,2428.12,2429.33
7-Jun-17,2432.03,2435.28,2424.75,2433.14
8-Jun-17,2434.27,2439.27,2427.94,2433.79
9-Jun-17,2436.39,2446.2,2415.7,2431.77
12-Jun-17,2425.88,2430.38,2419.97,2429.39
13-Jun-17,2434.15,2441.49,2431.28,2440.35
14-Jun-17,2443.75,2443.75,2428.34,2437.92
15-Jun-17,2424.14,2433.95,2418.53,2432.46
16-Jun-17,2431.24,2433.15,2422.88,2433.15
19-Jun-17,2442.55,2453.82,2441.79,2453.46
20-Jun-17,2450.66,2450.66,2436.6,2437.03
21-Jun-17,2439.31,2442.23,2430.74,2435.61
22-Jun-17,2437.4,2441.62,2433.27,2434.5
23-Jun-17,2434.65,2441.4,2431.11,2438.3
26-Jun-17,2443.32,2450.42,2437.03,2439.07
27-Jun-17,2436.34,2440.15,2419.38,2419.38
28-Jun-17,2428.7,2442.97,2428.02,2440.69
29-Jun-17,2442.38,2442.73,2405.7,2419.7
30-Jun-17,2429.2,2432.71,2421.65,2423.41
3-Jul-17,2431.39,2439.17,2428.69,2429.01
5-Jul-17,2430.78,2434.9,2422.05,2432.54
6-Jul-17,2423.44,2424.28,2407.7,2409.75
7-Jul-17,2413.52,2426.92,2413.52,2425.18
10-Jul-17,2424.51,2432.0,2422.27,2427.43
11-Jul-17,2427.35,2429.3,2412.79,2425.53
12-Jul-17,2435.75,2445.76,2435.75,2443.25
13-Jul-17,2444.99,2449.32,2441.69,2447.83
14-Jul-17,2449.16,2463.54,2446.69,2459.27
17-Jul-17,2459.5,2462.82,2457.16,2459.14
18-Jul-17,2455.88,2460.92,2450.34,2460.61
19-Jul-17,2463.85,2473.83,2463.85,2473.83
20-Jul-17,2475.56,2477.62,2468.43,2473.45
21-Jul-17,2467.4,2472.54,2465.06,2472.54
24-Jul-17,2472.04,2473.1,2466.32,2469.91
25-Jul-17,2477.88,2481.24,2474.91,2477.13
26-Jul-17,2479.97,2481.69,2474.94,2477.83
27-Jul-17,2482.76,2484.04,2459.93,2475.42
28-Jul-17,2469.12,2473.53,2464.66,2472.1
31-Jul-17,2475.94,2477.96,2468.53,2470.3
1-Aug-17,2477.1,2478.51,2471.14,2476.35
2-Aug-17,2480.38,2480.38,2466.48,2477.57
3-Aug-17,2476.03,2476.03,2468.85,2472.16
4-Aug-17,2476.88,2480.0,2472.08,2476.83
7-Aug-17,2477.14,2480.95,2475.88,2480.91
8-Aug-17,2478.35,2490.87,2470.32,2474.92
9-Aug-17,2465.35,2474.41,2462.08,2474.02
10-Aug-17,2465.38,2465.38,2437.75,2438.21
11-Aug-17,2441.04,2448.09,2437.85,2441.32
14-Aug-17,2454.96,2468.22,2454.96,2465.84
15-Aug-17,2468.66,2468.9,2461.61,2464.61
16-Aug-17,2468.63,2474.93,2463.86,2468.11
17-Aug-17,2462.95,2465.02,2430.01,2430.01
18-Aug-17,2427.64,2440.27,2420.69,2425.55
21-Aug-17,2425.5,2430.58,2417.35,2428.37
22-Aug-17,2433.75,2454.77,2433.67,2452.51
23-Aug-17,2444.88,2448.91,2441.42,2444.04
24-Aug-17,2447.91,2450.39,2436.19,2438.97
25-Aug-17,2444.72,2453.96,2442.22,2443.05
28-Aug-17,2447.35,2449.12,2439.03,2444.24
29-Aug-17,2431.94,2449.19,2428.2,2446.3
30-Aug-17,2446.06,2460.31,2443.77,2457.59
31-Aug-17,2462.65,2475.01,2462.65,2471.65
1-Sep-17,2474.42,2480.38,2473.85,2476.55
5-Sep-17,2470.35,2471.97,2446.55,2457.85
6-Sep-17,2463.83,2469.64,2459.2,2465.54
7-Sep-17,2468.06,2468.62,2460.29,2465.1
8-Sep-17,2462.25,2467.11,2459.4,2461.43
11-Sep-17,2474.52,2488.95,2474.52,2488.11
12-Sep-17,2491.94,2496.77,2490.37,2496.48
13-Sep-17,2493.89,2498.37,2492.14,2498.37
14-Sep-17,2494.56,2498.43,2491.35,2495.62
15-Sep-17,2495.67,2500.23,2493.16,2500.23
18-Sep-17,2502.51,2508.32,2499.92,2503.87
19-Sep-17,2506.29,2507.84,2503.19,2506.65
20-Sep-17,2506.84,2508.85,2496.67,2508.24
21-Sep-17,2507.16,2507.16,2499.0,2500.6
22-Sep-17,2497.26,2503.47,2496.54,2502.22
25-Sep-17,2499.39,2502.54,2488.03,2496.66
26-Sep-17,2501.04,2503.51,2495.12,2496.84
27-Sep-17,2503.3,2511.75,2495.91,2507.04
28-Sep-17,2503.41,2510.81,2502.93,2510.06
29-Sep-17,2509.96,2519.44,2507.99,2519.36
2-Oct-17,2521.2,2529.23,2520.4,2529.12
3-Oct-17,2530.34,2535.13,2528.85,2534.58
4-Oct-17,2533.48,2540.53,2531.8,2537.74
5-Oct-17,2540.86,2552.51,2540.02,2552.07
6-Oct-17,2547.44,2549.41,2543.79,2549.33
9-Oct-17,2551.39,2551.82,2541.6,2544.73
10-Oct-17,2549.99,2555.23,2544.86,2550.64
11-Oct-17,2550.62,2555.24,2547.95,2555.24
12-Oct-17,2552.88,2555.33,2548.31,2550.93
13-Oct-17,2555.66,2557.65,2552.09,2553.17
16-Oct-17,2555.57,2559.47,2552.64,2557.64
17-Oct-17,2557.17,2559.71,2554.69,2559.36
18-Oct-17,2562.87,2564.11,2559.67,2561.26
19-Oct-17,2553.39,2562.36,2547.92,2562.1
20-Oct-17,2567.56,2575.44,2567.56,2575.21
23-Oct-17,2578.08,2578.29,2564.33,2564.98
24-Oct-17,2568.66,2572.18,2565.58,2569.13
25-Oct-17,2566.52,2567.4,2544.0,2557.15
26-Oct-17,2560.08,2567.07,2559.8,2560.4
27-Oct-17,2570.26,2582.98,2565.94,2581.07
30-Oct-17,2577.75,2580.03,2568.25,2572.83
31-Oct-17,2575.99,2578.29,2572.15,2575.26
1-Nov-17,2583.21,2588.4,2574.92,2579.36
2-Nov-17,2579.46,2581.11,2566.17,2579.85
3-Nov-17,2581.93,2588.42,2576.77,2587.84
6-Nov-17,2587.47,2593.38,2585.66,2591.13
7-Nov-17,2592.11,2597.02,2584.35,2590.64
8-Nov-17,2588.71,2595.47,2585.02,2594.38
9-Nov-17,2584.0,2586.5,2566.33,2584.62
10-Nov-17,2580.18,2583.81,2575.57,2582.3
13-Nov-17,2576.53,2587.66,2574.48,2584.84
14-Nov-17,2577.75,2579.66,2566.56,2578.87
15-Nov-17,2569.45,2572.84,2557.45,2564.62
16-Nov-17,2572.95,2590.09,2572.95,2585.64
17-Nov-17,2582.94,2583.96,2577.62,2578.85
20-Nov-17,2579.49,2584.64,2578.24,2582.14
21-Nov-17,2589.17,2601.19,2589.17,2599.03
22-Nov-17,2600.31,2600.94,2595.23,2597.08
24-Nov-17,2600.42,2604.21,2600.42,2602.42
27-Nov-17,2602.66,2606.41,2598.87,2601.42
28-Nov-17,2605.94,2627.69,2605.44,2627.04
29-Nov-17,2627.82,2634.89,2620.32,2626.07
30-Nov-17,2633.93,2657.74,2633.93,2647.58
1-Dec-17,2645.1,2650.62,2605.52,2642.22
4-Dec-17,2657.19,2665.19,2639.03,2639.44
5-Dec-17,2639.78,2648.72,2627.73,2629.57
6-Dec-17,2626.24,2634.41,2624.75,2629.27
7-Dec-17,2628.38,2640.99,2626.53,2636.98
8-Dec-17,2646.21,2651.65,2644.1,2651.5
11-Dec-17,2652.19,2660.33,2651.47,2659.99
12-Dec-17,2661.73,2669.72,2659.78,2664.11
13-Dec-17,2667.59,2671.88,2662.85,2662.85
14-Dec-17,2665.87,2668.09,2652.01,2652.01
15-Dec-17,2660.63,2679.63,2659.14,2675.81
18-Dec-17,2685.92,2694.97,2685.92,2690.16
19-Dec-17,2692.71,2694.44,2680.74,2681.47
20-Dec-17,2688.18,2691.01,2676.11,2679.25
21-Dec-17,2683.02,2692.64,2682.4,2684.57
22-Dec-17,2684.22,2685.35,2678.13,2683.34
26-Dec-17,2679.09,2682.74,2677.96,2680.5
27-Dec-17,2682.1,2685.64,2678.91,2682.62
28-Dec-17,2686.1,2687.66,2682.69,2687.54
29-Dec-17,2689.15,2692.12,2673.61,2673.61
2-Jan-18,2683.73,2695.89,2682.36,2695.81
3-Jan-18,2697.85,2714.37,2697.77,2713.06
4-Jan-18,2719.31,2729.29,2719.07,2723.99
5-Jan-18,2731.33,2743.45,2727.92,2743.15
8-Jan-18,2742.67,2748.51,2737.6,2747.71
9-Jan-18,2751.15,2759.14,2747.86,2751.29
10-Jan-18,2745.55,2750.8,2736.06,2748.23
11-Jan-18,2752.97,2767.56,2752.78,2767.56
12-Jan-18,2770.18,2787.85,2769.64,2786.24
16-Jan-18,2798.96,2807.54,2768.64,2776.42
17-Jan-18,2784.99,2807.04,2778.38,2802.56
18-Jan-18,2802.4,2805.83,2792.56,2798.03
19-Jan-18,2802.6,2810.33,2798.08,2810.3
22-Jan-18,2809.16,2833.03,2808.12,2832.97
23-Jan-18,2835.05,2842.24,2830.59,2839.13
24-Jan-18,2845.42,2852.97,2824.81,2837.54
25-Jan-18,2846.24,2848.56,2830.94,2839.25
26-Jan-18,2847.48,2872.87,2846.18,2872.87
29-Jan-18,2867.23,2870.62,2851.48,2853.53
30-Jan-18,2832.74,2837.75,2818.27,2822.43
31-Jan-18,2832.41,2839.26,2813.04,2823.81
1-Feb-18,2816.45,2835.96,2812.7,2821.98
2-Feb-18,2808.92,2808.92,2759.97,2762.13
5-Feb-18,2741.06,2763.39,2638.17,2648.94
6-Feb-18,2614.78,2701.04,2593.07,2695.14
7-Feb-18,2690.95,2727.67,2681.33,2681.66
8-Feb-18,2685.01,2685.27,2580.56,2581.0
9-Feb-18,2601.78,2638.67,2532.69,2619.55
12-Feb-18,2636.75,2672.61,2622.45,2656.0
13-Feb-18,2646.27,2668.84,2637.08,2662.94
14-Feb-18,2651.21,2702.1,2648.87,2698.63
15-Feb-18,2713.46,2731.51,2689.82,2731.2
16-Feb-18,2727.14,2754.42,2725.11,2732.22
20-Feb-18,2722.99,2737.6,2706.76,2716.26
21-Feb-18,2720.53,2747.75,2701.29,2701.33
22-Feb-18,2710.42,2731.26,2697.77,2703.96
23-Feb-18,2715.8,2747.76,2713.74,2747.3
26-Feb-18,2757.37,2780.64,2753.78,2779.6
27-Feb-18,2780.45,2789.15,2744.22,2744.28
28-Feb-18,2753.78,2761.52,2713.54,2713.83
1-Mar-18,2715.22,2730.89,2659.65,2677.67
2-Mar-18,2658.89,2696.25,2647.32,2691.25
5-Mar-18,2681.06,2728.09,2675.75,2720.94
6-Mar-18,2730.18,2732.08,2711.26,2728.12
7-Mar-18,2710.18,2730.6,2701.74,2726.8
8-Mar-18,2732.75,2740.45,2722.65,2738.97
9-Mar-18,2752.91,2786.57,2751.54,2786.57
12-Mar-18,2790.54,2796.98,2779.26,2783.02
13-Mar-18,2792.31,2801.9,2758.68,2765.31
14-Mar-18,2774.06,2777.11,2744.38,2749.48
15-Mar-18,2754.27,2763.03,2741.47,2747.33
16-Mar-18,2750.57,2761.85,2749.97,2752.01
19-Mar-18,2741.38,2741.38,2694.59,2712.92
20-Mar-18,2715.05,2724.22,2710.05,2716.94
21-Mar-18,2714.99,2739.14,2709.79,2711.93
22-Mar-18,2691.36,2695.68,2641.59,2643.69
23-Mar-18,2646.71,2657.67,2585.89,2588.26
26-Mar-18,2619.35,2661.36,2601.81,2658.55
27-Mar-18,2667.57,2674.78,2596.12,2612.62
28-Mar-18,2611.3,2632.65,2593.06,2605.0
29-Mar-18,2614.41,2659.07,2609.72,2640.87
2-Apr-18,2633.45,2638.3,2553.8,2581.88
3-Apr-18,2592.17,2619.14,2575.49,2614.45
4-Apr-18,2584.04,2649.86,2573.61,2644.69
5-Apr-18,2657.36,2672.08,2649.58,2662.84
6-Apr-18,2645.82,2656.88,2586.27,2604.47
9-Apr-18,2617.18,2653.55,2610.79,2613.16
10-Apr-18,2638.41,2665.45,2635.78,2656.87
11-Apr-18,2643.89,2661.43,2639.25,2642.19
12-Apr-18,2653.83,2674.72,2653.83,2663.99
13-Apr-18,2676.9,2680.26,2645.05,2656.3
16-Apr-18,2670.1,2686.49,2665.16,2677.84
17-Apr-18,2692.74,2713.34,2692.05,2706.39
18-Apr-18,2710.11,2717.49,2703.63,2708.64
19-Apr-18,2701.16,2702.84,2681.9,2693.13
20-Apr-18,2692.56,2693.94,2660.61,2670.14
23-Apr-18,2675.4,2682.86,2657.99,2670.29
24-Apr-18,2680.8,2683.55,2617.32,2634.56
25-Apr-18,2634.92,2645.3,2612.67,2639.4
26-Apr-18,2651.65,2676.48,2647.16,2666.94
27-Apr-18,2675.47,2677.35,2659.01,2669.91
30-Apr-18,2682.51,2682.87,2648.04,2648.05
1-May-18,2642.96,2655.27,2625.41,2654.8
2-May-18,2654.24,2660.87,2631.7,2635.67
3-May-18,2628.08,2637.14,2594.62,2629.73
4-May-18,2621.45,2670.93,2615.32,2663.42
7-May-18,2680.34,2683.35,2664.7,2672.63
8-May-18,2670.26,2676.34,2655.2,2671.92
9-May-18,2678.12,2701.27,2674.14,2697.79
10-May-18,2705.02,2726.11,2704.54,2723.07
11-May-18,2722.7,2732.86,2717.45,2727.72
14-May-18,2738.47,2742.1,2725.47,2730.13
15-May-18,2718.59,2718.59,2701.91,2711.45
16-May-18,2712.62,2727.76,2712.17,2722.46
17-May-18,2719.71,2731.96,2711.36,2720.13
18-May-18,2717.35,2719.5,2709.18,2712.97
21-May-18,2735.39,2739.19,2725.7,2733.01
22-May-18,2738.34,2742.24,2721.88,2724.44
23-May-18,2713.98,2733.33,2709.54,2733.29
24-May-18,2730.94,2731.97,2707.38,2727.76
25-May-18,2723.6,2727.36,2714.99,2721.33
29-May-18,2705.11,2710.67,2676.81,2689.86
30-May-18,2702.43,2729.34,2702.43,2724.01
31-May-18,2720.98,2722.5,2700.68,2705.27
1-Jun-18,2718.7,2736.93,2718.7,2734.62
4-Jun-18,2741.67,2749.16,2740.54,2746.87
5-Jun-18,2748.46,2752.61,2739.51,2748.8
6-Jun-18,2753.25,2772.39,2748.46,2772.35
7-Jun-18,2774.84,2779.9,2760.16,2770.37
8-Jun-18,2765.84,2779.39,2763.59,2779.03
11-Jun-18,2780.18,2790.21,2780.17,2782.0
12-Jun-18,2785.6,2789.8,2778.78,2786.85
13-Jun-18,2787.94,2791.47,2774.65,2775.63
14-Jun-18,2783.21,2789.06,2776.52,2782.49
15-Jun-18,2777.78,2782.81,2761.73,2779.66
18-Jun-18,2765.79,2774.99,2757.12,2773.75
19-Jun-18,2752.01,2765.05,2743.19,2762.59
20-Jun-18,2769.73,2774.86,2763.91,2767.32
21-Jun-18,2769.28,2769.28,2744.39,2749.76
22-Jun-18,2760.79,2764.17,2752.68,2754.88
25-Jun-18,2742.94,2742.94,2698.67,2717.07
26-Jun-18,2722.12,2732.91,2715.6,2723.06
27-Jun-18,2728.45,2746.09,2699.38,2699.63
28-Jun-18,2698.69,2724.34,2691.99,2716.31
29-Jun-18,2727.13,2743.26,2718.03,2718.37
2-Jul-18,2704.95,2727.26,2698.95,2726.71
3-Jul-18,2733.27,2736.58,2711.16,2713.22
5-Jul-18,2724.19,2737.83,2716.02,2736.61
6-Jul-18,2737.68,2764.41,2733.52,2759.82
9-Jul-18,2775.62,2784.65,2770.73,2784.17
10-Jul-18,2788.56,2795.58,2786.24,2793.84
11-Jul-18,2779.82,2785.91,2770.77,2774.02
12-Jul-18,2783.14,2799.22,2781.53,2798.29
13-Jul-18,2796.93,2804.53,2791.69,2801.31
16-Jul-18,2797.36,2801.19,2793.39,2798.43
17-Jul-18,2789.34,2814.19,2789.24,2809.55
18-Jul-18,2811.35,2816.76,2805.89,2815.62
19-Jul-18,2809.37,2812.05,2799.77,2804.49
20-Jul-18,2804.55,2809.7,2800.01,2801.83
23-Jul-18,2799.17,2808.61,2795.14,2806.98
24-Jul-18,2820.68,2829.99,2811.12,2820.4
25-Jul-18,2817.73,2848.03,2817.73,2846.07
26-Jul-18,2835.49,2845.57,2835.26,2837.44
27-Jul-18,2842.35,2843.17,2808.34,2818.82
30-Jul-18,2819.0,2821.74,2798.11,2802.6
31-Jul-18,2809.73,2824.46,2808.06,2816.29
1-Aug-18,2821.17,2825.83,2805.85,2813.36
2-Aug-18,2800.48,2829.91,2796.34,2827.22
3-Aug-18,2829.62,2840.38,2827.37,2840.35
6-Aug-18,2840.29,2853.29,2835.98,2850.4
7-Aug-18,2855.92,2863.43,2855.92,2858.45
8-Aug-18,2856.79,2862.44,2853.09,2857.7
9-Aug-18,2857.19,2862.48,2851.98,2853.58
10-Aug-18,2838.9,2842.2,2825.81,2833.28
13-Aug-18,2835.46,2843.4,2819.88,2821.93
14-Aug-18,2827.88,2843.11,2826.58,2839.96
15-Aug-18,2827.95,2827.95,2802.49,2818.37
16-Aug-18,2831.44,2850.49,2831.44,2840.69
17-Aug-18,2838.32,2855.63,2833.73,2850.13
20-Aug-18,2853.93,2859.76,2850.62,2857.05
21-Aug-18,2861.51,2873.23,2861.32,2862.96
22-Aug-18,2860.99,2867.54,2856.05,2861.82
23-Aug-18,2860.29,2868.78,2854.03,2856.98
24-Aug-18,2862.35,2876.16,2862.35,2874.69
27-Aug-18,2884.69,2898.25,2884.69,2896.74
28-Aug-18,2901.45,2903.77,2893.5,2897.52
29-Aug-18,2900.62,2916.5,2898.4,2914.04
30-Aug-18,2908.94,2912.46,2895.22,2901.13
31-Aug-18,2898.37,2906.32,2891.73,2901.52
4-Sep-18,2896.96,2900.18,2885.13,2896.72
5-Sep-18,2891.59,2894.21,2876.92,2888.6
6-Sep-18,2888.64,2892.05,2867.29,2878.05
7-Sep-18,2868.26,2883.81,2864.12,2871.68
10-Sep-18,2881.39,2886.93,2875.94,2877.13
11-Sep-18,2871.57,2892.52,2866.78,2887.89
12-Sep-18,2888.29,2894.65,2879.2,2888.92
13-Sep-18,2896.85,2906.76,2896.39,2904.18
14-Sep-18,2906.38,2908.3,2895.77,2904.98
17-Sep-18,2903.83,2904.65,2886.16,2888.8
18-Sep-18,2890.74,2911.17,2890.43,2904.31
19-Sep-18,2906.6,2912.36,2903.82,2907.95
20-Sep-18,2919.73,2934.8,2919.73,2930.75
21-Sep-18,2936.76,2940.91,2927.11,2929.67
24-Sep-18,2921.83,2923.79,2912.63,2919.37
25-Sep-18,2921.75,2923.95,2913.7,2915.56
26-Sep-18,2916.98,2931.15,2903.28,2905.97
27-Sep-18,2911.65,2927.22,2909.27,2914.0
28-Sep-18,2910.03,2920.53,2907.5,2913.98
1-Oct-18,2926.29,2937.06,2917.91,2924.59
2-Oct-18,2923.8,2931.42,2919.37,2923.43
3-Oct-18,2931.69,2939.86,2921.36,2925.51
4-Oct-18,2919.35,2919.78,2883.92,2901.61
5-Oct-18,2902.54,2909.64,2869.29,2885.57
8-Oct-18,2877.53,2889.45,2862.08,2884.43
9-Oct-18,2882.51,2894.83,2874.27,2880.34
10-Oct-18,2873.9,2874.02,2784.86,2785.68
11-Oct-18,2776.87,2795.14,2710.51,2728.37
12-Oct-18,2770.54,2775.77,2729.44,2767.13
15-Oct-18,2763.83,2775.99,2749.03,2750.79
16-Oct-18,2767.05,2813.46,2766.91,2809.92
17-Oct-18,2811.67,2816.94,2781.81,2809.21
18-Oct-18,2802.0,2806.04,2755.18,2768.78
19-Oct-18,2775.66,2797.77,2760.27,2767.78
22-Oct-18,2773.94,2778.94,2749.22,2755.88
23-Oct-18,2721.03,2753.59,2691.43,2740.69
24-Oct-18,2737.87,2742.59,2651.89,2656.1
25-Oct-18,2674.88,2722.7,2667.84,2705.57
26-Oct-18,2667.86,2692.38,2628.16,2658.69
29-Oct-18,2682.65,2706.85,2603.54,2641.25
30-Oct-18,2640.68,2685.43,2635.34,2682.63
31-Oct-18,2705.6,2736.69,2705.6,2711.74
1-Nov-18,2717.58,2741.67,2708.85,2740.37
2-Nov-18,2745.45,2756.55,2700.44,2723.06
5-Nov-18,2726.37,2744.27,2717.94,2738.31
6-Nov-18,2738.4,2756.82,2737.08,2755.45
7-Nov-18,2774.13,2815.15,2774.13,2813.89
8-Nov-18,2806.38,2814.75,2794.99,2806.83
9-Nov-18,2794.1,2794.1,2764.24,2781.01
12-Nov-18,2773.93,2775.99,2722.0,2726.22
13-Nov-18,2730.05,2754.6,2714.98,2722.18
14-Nov-18,2737.9,2746.8,2685.75,2701.58
15-Nov-18,2693.52,2735.38,2670.75,2730.2
16-Nov-18,2718.54,2746.75,2712.16,2736.27
19-Nov-18,2730.74,2733.16,2681.09,2690.73
20-Nov-18,2654.6,2669.44,2631.52,2641.89
21-Nov-18,2657.74,2670.73,2649.82,2649.93
23-Nov-18,2633.36,2647.55,2631.09,2632.56
26-Nov-18,2649.97,2674.35,2649.97,2673.45
27-Nov-18,2663.75,2682.53,2655.89,2682.17
28-Nov-18,2691.45,2744.0,2684.38,2743.79
29-Nov-18,2736.97,2753.75,2722.94,2737.8
30-Nov-18,2737.76,2760.88,2732.76,2760.17
3-Dec-18,2790.5,2800.18,2773.38,2790.37
4-Dec-18,2782.43,2785.93,2697.18,2700.06
6-Dec-18,2663.51,2696.15,2621.53,2695.95
7-Dec-18,2691.26,2708.54,2623.14,2633.08
10-Dec-18,2630.86,2647.51,2583.23,2637.72
11-Dec-18,2664.44,2674.35,2621.3,2636.78
12-Dec-18,2658.23,2685.44,2650.26,2651.07
13-Dec-18,2658.7,2670.19,2637.27,2650.54
14-Dec-18,2629.68,2635.07,2593.84,2599.95
17-Dec-18,2590.75,2601.13,2530.54,2545.94
18-Dec-18,2559.9,2573.99,2528.71,2546.16
19-Dec-18,2547.05,2585.29,2488.96,2506.96
20-Dec-18,2496.77,2509.63,2441.18,2467.42
21-Dec-18,2465.38,2504.41,2408.55,2416.62
24-Dec-18,2400.56,2410.34,2351.1,2351.1
26-Dec-18,2363.12,2467.76,2346.58,2467.7
27-Dec-18,2442.5,2489.1,2397.94,2488.83
28-Dec-18,2498.77,2520.27,2472.89,2485.74
31-Dec-18,2498.94,2509.24,2482.82,2506.85
2-Jan-19,2476.96,2519.49,2467.47,2510.03
3-Jan-19,2491.92,2493.14,2443.96,2447.89
4-Jan-19,2474.33,2538.07,2474.33,2531.94
7-Jan-19,2535.61,2566.16,2524.56,2549.69
8-Jan-19,2568.11,2579.82,2547.56,2574.41
9-Jan-19,2580.0,2595.32,2568.89,2584.96
10-Jan-19,2573.51,2597.82,2562.02,2596.64
11-Jan-19,2588.11,2596.27,2577.4,2596.26
14-Jan-19,2580.31,2589.32,2570.41,2582.61
15-Jan-19,2585.1,2613.08,2585.1,2610.3
16-Jan-19,2614.75,2625.76,2612.68,2616.1
17-Jan-19,2609.28,2645.06,2606.36,2635.96
18-Jan-19,2651.27,2675.47,2647.58,2670.71
22-Jan-19,2657.88,2657.88,2617.27,2632.9
23-Jan-19,2643.48,2653.19,2612.86,2638.7
24-Jan-19,2638.84,2647.2,2627.01,2642.33
25-Jan-19,2657.44,2672.38,2657.33,2664.76
28-Jan-19,2644.97,2644.97,2624.06,2643.85
29-Jan-19,2644.89,2650.93,2631.05,2640.0
30-Jan-19,2653.62,2690.44,2648.34,2681.05
31-Jan-19,2685.49,2708.95,2678.65,2704.1
1-Feb-19,2702.32,2716.66,2696.88,2706.53
4-Feb-19,2706.49,2724.99,2698.75,2724.87
5-Feb-19,2728.34,2738.98,2724.03,2737.7
6-Feb-19,2735.05,2738.08,2724.15,2731.61
7-Feb-19,2717.53,2719.32,2687.26,2706.05
8-Feb-19,2692.36,2708.07,2681.83,2707.88
11-Feb-19,2712.4,2718.05,2703.79,2709.8
12-Feb-19,2722.61,2748.19,2722.61,2744.73
13-Feb-19,2750.3,2761.85,2748.63,2753.03
14-Feb-19,2743.5,2757.9,2731.23,2745.73
15-Feb-19,2760.24,2775.66,2760.24,2775.6
19-Feb-19,2769.28,2787.33,2767.29,2779.76
20-Feb-19,2779.05,2789.88,2774.06,2784.7
21-Feb-19,2780.24,2781.58,2764.55,2774.88
22-Feb-19,2780.67,2794.2,2779.11,2792.67
25-Feb-19,2804.35,2813.49,2794.99,2796.11
26-Feb-19,2792.36,2803.12,2789.47,2793.9
27-Feb-19,2787.5,2795.76,2775.13,2792.38
28-Feb-19,2788.11,2793.73,2782.51,2784.49
1-Mar-19,2798.22,2808.02,2787.38,2803.69
4-Mar-19,2814.37,2816.88,2767.66,2792.81
5-Mar-19,2794.41,2796.44,2782.97,2789.65
6-Mar-19,2790.27,2790.27,2768.69,2771.45
7-Mar-19,2766.53,2767.25,2739.09,2748.93
8-Mar-19,2730.79,2744.13,2722.27,2743.07
11-Mar-19,2747.61,2784.0,2747.61,2783.3
12-Mar-19,2787.34,2798.32,2786.73,2791.52
13-Mar-19,2799.78,2821.24,2799.78,2810.92
14-Mar-19,2810.38,2815.0,2803.46,2808.48
15-Mar-19,2810.79,2830.73,2810.79,2822.48
18-Mar-19,2822.61,2835.41,2821.99,2832.94
19-Mar-19,2840.76,2852.42,2823.27,2832.57
20-Mar-19,2831.34,2843.54,2812.43,2824.23
21-Mar-19,2819.72,2860.31,2817.38,2854.88
22-Mar-19,2844.52,2846.16,2800.47,2800.71
25-Mar-19,2796.01,2809.79,2785.02,2798.36
26-Mar-19,2812.66,2829.87,2803.99,2818.46
27-Mar-19,2819.72,2825.56,2787.72,2805.37
28-Mar-19,2809.4,2819.71,2798.77,2815.44
29-Mar-19,2828.27,2836.03,2819.23,2834.4
1-Apr-19,2848.63,2869.4,2848.63,2867.19
2-Apr-19,2868.24,2872.9,2858.75,2867.24
3-Apr-19,2876.09,2885.25,2865.17,2873.4
4-Apr-19,2873.99,2881.28,2867.14,2879.39
5-Apr-19,2884.16,2893.24,2882.99,2892.74
8-Apr-19,2888.46,2895.95,2880.78,2895.77
9-Apr-19,2886.58,2886.88,2873.33,2878.2
10-Apr-19,2881.37,2889.71,2879.13,2888.21
11-Apr-19,2891.92,2893.42,2881.99,2888.32
12-Apr-19,2900.86,2910.54,2898.37,2907.41
15-Apr-19,2908.32,2909.6,2896.48,2905.58
16-Apr-19,2912.26,2916.06,2900.71,2907.06
17-Apr-19,2916.04,2918.0,2895.45,2900.45
18-Apr-19,2904.81,2908.4,2891.9,2905.03
22-Apr-19,2898.78,2909.51,2896.35,2907.97
23-Apr-19,2909.99,2936.31,2908.53,2933.68
24-Apr-19,2934.0,2936.83,2926.05,2927.25
25-Apr-19,2928.99,2933.1,2912.84,2926.17
26-Apr-19,2925.81,2939.88,2917.56,2939.88
29-Apr-19,2940.58,2949.52,2939.35,2943.03
30-Apr-19,2937.14,2948.22,2924.11,2945.83
1-May-19,2952.33,2954.13,2923.36,2923.73
2-May-19,2922.16,2931.68,2900.5,2917.52
3-May-19,2929.21,2947.85,2929.21,2945.64
6-May-19,2908.89,2937.32,2898.21,2932.47
7-May-19,2913.03,2913.03,2862.6,2884.05
8-May-19,2879.61,2897.96,2873.28,2879.42
9-May-19,2859.84,2875.97,2836.4,2870.72
10-May-19,2863.1,2891.31,2825.39,2881.4
13-May-19,2840.19,2840.19,2801.43,2811.87
14-May-19,2820.12,2852.54,2820.12,2834.41
15-May-19,2820.38,2858.68,2815.08,2850.96
16-May-19,2855.8,2892.15,2855.8,2876.32
17-May-19,2858.6,2885.48,2854.23,2859.53
20-May-19,2841.94,2853.86,2831.29,2840.23
21-May-19,2854.02,2868.88,2854.02,2864.36
22-May-19,2856.06,2865.47,2851.11,2856.27
23-May-19,2836.7,2836.7,2805.49,2822.24
24-May-19,2832.41,2841.36,2820.19,2826.06
28-May-19,2830.03,2840.51,2801.58,2802.39
29-May-19,2790.25,2792.03,2766.06,2783.02
30-May-19,2786.94,2799.0,2776.74,2788.86
31-May-19,2766.15,2768.98,2750.52,2752.06
3-Jun-19,2751.53,2763.07,2728.81,2744.45
4-Jun-19,2762.64,2804.49,2762.64,2803.27
5-Jun-19,2818.09,2827.28,2800.92,2826.15
6-Jun-19,2828.51,2852.1,2822.45,2843.49
7-Jun-19,2852.87,2884.97,2852.87,2873.34
10-Jun-19,2885.83,2904.77,2885.51,2886.73
11-Jun-19,2903.27,2910.61,2878.53,2885.72
12-Jun-19,2882.73,2888.57,2874.68,2879.84
13-Jun-19,2886.24,2895.24,2881.99,2891.64
14-Jun-19,2886.82,2894.45,2879.62,2886.98
17-Jun-19,2889.75,2897.27,2887.3,2889.67
18-Jun-19,2906.71,2930.79,2905.44,2917.75
19-Jun-19,2920.55,2931.74,2911.43,2926.46
20-Jun-19,2949.6,2958.06,2931.5,2954.18
21-Jun-19,2952.71,2964.15,2946.87,2950.46
24-Jun-19,2951.42,2954.92,2944.05,2945.35
25-Jun-19,2945.78,2946.52,2916.01,2917.38
26-Jun-19,2926.07,2932.59,2912.99,2913.78
27-Jun-19,2919.66,2929.3,2918.57,2924.92
28-Jun-19,2932.94,2943.98,2929.05,2941.76
1-Jul-19,2971.41,2977.93,2952.22,2964.33
2-Jul-19,2964.66,2973.21,2955.92,2973.01
3-Jul-19,2978.08,2995.84,2977.96,2995.82
5-Jul-19,2984.25,2994.03,2967.97,2990.41
8-Jul-19,2979.77,2980.76,2970.09,2975.95
9-Jul-19,2965.52,2981.9,2963.44,2979.63
10-Jul-19,2989.3,3002.98,2984.62,2993.07
11-Jul-19,2999.62,3002.33,2988.8,2999.91
12-Jul-19,3003.36,3013.92,3001.87,3013.77
15-Jul-19,3017.8,3017.8,3008.77,3014.3
16-Jul-19,3012.13,3015.02,3001.15,3004.04
17-Jul-19,3005.1,3005.26,2984.25,2984.42
18-Jul-19,2978.87,2998.28,2973.09,2995.11
19-Jul-19,3004.26,3006.02,2975.86,2976.61
22-Jul-19,2981.93,2990.71,2976.65,2985.03
23-Jul-19,2994.74,3005.9,2988.56,3005.47
24-Jul-19,2998.77,3019.59,2996.82,3019.56
25-Jul-19,3016.26,3016.31,2997.24,3003.67
26-Jul-19,3013.25,3027.98,3012.59,3025.86
29-Jul-19,3024.47,3025.61,3014.3,3020.97
30-Jul-19,3007.66,3017.19,3000.94,3013.18
31-Jul-19,3016.22,3017.4,2958.08,2980.38
1-Aug-19,2980.32,3013.59,2945.23,2953.56
2-Aug-19,2943.9,2945.5,2914.11,2932.05
5-Aug-19,2898.07,2898.07,2822.12,2844.74
6-Aug-19,2861.18,2884.4,2847.42,2881.77
7-Aug-19,2858.65,2892.17,2825.71,2883.98
8-Aug-19,2896.21,2938.72,2894.47,2938.09
9-Aug-19,2930.51,2935.75,2900.15,2918.65
12-Aug-19,2907.07,2907.58,2873.14,2882.7
13-Aug-19,2880.72,2943.31,2877.05,2926.32
14-Aug-19,2894.15,2894.15,2839.64,2840.6
15-Aug-19,2846.2,2856.67,2825.51,2847.6
16-Aug-19,2864.74,2893.63,2864.74,2888.68
19-Aug-19,2913.48,2931.0,2913.48,2923.65
20-Aug-19,2919.01,2923.63,2899.6,2900.51
21-Aug-19,2922.04,2928.73,2917.91,2924.43
22-Aug-19,2930.94,2939.08,2904.51,2922.95
23-Aug-19,2911.07,2927.01,2834.97,2847.11
26-Aug-19,2866.7,2879.27,2856.0,2878.38
27-Aug-19,2893.14,2898.79,2860.59,2869.16
28-Aug-19,2861.28,2890.03,2853.05,2887.94
29-Aug-19,2910.37,2930.5,2905.67,2924.58
30-Aug-19,2937.09,2940.43,2913.32,2926.46
3-Sep-19,2909.01,2914.39,2891.85,2906.27
4-Sep-19,2924.67,2938.84,2921.86,2937.78
5-Sep-19,2960.6,2985.86,2960.6,2976.0
6-Sep-19,2980.33,2985.03,2972.51,2978.71
9-Sep-19,2988.43,2989.43,2969.39,2978.43
10-Sep-19,2971.01,2979.39,2957.01,2979.39
11-Sep-19,2981.41,3000.93,2975.31,3000.93
12-Sep-19,3009.08,3020.74,3000.92,3009.57
13-Sep-19,3012.21,3017.33,3002.9,3007.39
16-Sep-19,2996.41,3002.19,2990.67,2997.96
17-Sep-19,2995.67,3006.21,2993.73,3005.7
18-Sep-19,3001.5,3007.83,2978.57,3006.73
19-Sep-19,3010.36,3021.99,3003.16,3006.79
20-Sep-19,3008.42,3016.37,2984.68,2992.07
23-Sep-19,2983.5,2999.15,2982.23,2991.78
24-Sep-19,3002.43,3007.98,2957.73,2966.6
25-Sep-19,2968.35,2989.82,2952.86,2984.87
26-Sep-19,2985.73,2987.28,2963.71,2977.62
27-Sep-19,2985.47,2987.31,2945.53,2961.79
30-Sep-19,2967.07,2983.85,2967.07,2976.74
1-Oct-19,2983.69,2992.53,2938.7,2940.25
2-Oct-19,2924.78,2924.78,2874.93,2887.61
3-Oct-19,2885.38,2911.13,2855.94,2910.63
4-Oct-19,2918.56,2953.74,2918.56,2952.01
7-Oct-19,2944.23,2959.75,2935.68,2938.79
8-Oct-19,2920.4,2925.47,2892.66,2893.06
9-Oct-19,2911.1,2929.32,2907.41,2919.4
10-Oct-19,2918.55,2948.46,2917.12,2938.13
11-Oct-19,2963.07,2993.28,2963.07,2970.27
14-Oct-19,2965.81,2972.84,2962.94,2966.15
15-Oct-19,2973.61,3003.28,2973.61,2995.68
16-Oct-19,2989.68,2997.54,2985.2,2989.69
17-Oct-19,3000.77,3008.29,2991.79,2997.95
18-Oct-19,2996.84,3000.0,2976.31,2986.2
21-Oct-19,2996.48,3007.33,2995.35,3006.72
22-Oct-19,3010.73,3014.57,2995.04,2995.99
23-Oct-19,2994.01,3004.78,2991.21,3004.52
24-Oct-19,3014.78,3016.07,3000.42,3010.29
25-Oct-19,3003.32,3027.39,3001.94,3022.55
28-Oct-19,3032.12,3044.08,3032.12,3039.42
29-Oct-19,3035.39,3047.87,3034.81,3036.89
30-Oct-19,3039.74,3050.1,3025.96,3046.77
31-Oct-19,3046.9,3046.9,3023.19,3037.56
1-Nov-19,3050.72,3066.95,3050.72,3066.91
4-Nov-19,3078.96,3085.2,3074.87,3078.27
5-Nov-19,3080.8,3083.95,3072.15,3074.62
6-Nov-19,3075.1,3078.34,3065.89,3076.78
7-Nov-19,3087.02,3097.77,3080.23,3085.18
8-Nov-19,3081.25,3093.09,3073.58,3093.08
11-Nov-19,3080.33,3088.33,3075.82,3087.01
12-Nov-19,3089.28,3102.61,3084.73,3091.84
13-Nov-19,3084.18,3098.06,3078.8,3094.04
14-Nov-19,3090.75,3098.2,3083.26,3096.63
15-Nov-19,3107.92,3120.46,3104.6,3120.46
18-Nov-19,3117.91,3124.17,3112.06,3122.03
19-Nov-19,3127.45,3127.64,3113.47,3120.18
20-Nov-19,3114.66,3118.97,3091.41,3108.46
21-Nov-19,3108.49,3110.11,3094.55,3103.54
22-Nov-19,3111.41,3112.87,3099.26,3110.29
25-Nov-19,3117.44,3133.83,3117.44,3133.64
26-Nov-19,3134.85,3142.69,3131.0,3140.52
27-Nov-19,3145.49,3154.26,3143.41,3153.63
29-Nov-19,3147.18,3150.3,3139.34,3140.98
2-Dec-19,3143.85,3144.31,3110.78,3113.87
3-Dec-19,3087.41,3094.97,3070.33,3093.2
4-Dec-19,3103.5,3119.38,3102.53,3112.76
5-Dec-19,3119.21,3119.45,3103.76,3117.43
6-Dec-19,3134.62,3150.6,3134.62,3145.91
9-Dec-19,3141.86,3148.87,3135.46,3135.96
10-Dec-19,3135.36,3142.12,3126.09,3132.52
11-Dec-19,3135.75,3143.98,3133.21,3141.63
12-Dec-19,3141.23,3176.28,3138.47,3168.57
13-Dec-19,3166.65,3182.68,3156.51,3168.8
16-Dec-19,3183.63,3197.71,3183.63,3191.45
17-Dec-19,3195.4,3198.22,3191.03,3192.52
18-Dec-19,3195.21,3198.48,3191.14,3191.14
19-Dec-19,3192.32,3205.48,3192.32,3205.37
20-Dec-19,3223.33,3225.65,3216.03,3221.22
23-Dec-19,3226.05,3227.78,3222.3,3224.01
24-Dec-19,3225.45,3226.43,3220.51,3223.38
26-Dec-19,3227.2,3240.08,3227.2,3239.91
27-Dec-19,3247.23,3247.93,3234.37,3240.02
30-Dec-19,3240.09,3240.92,3216.57,3221.29
31-Dec-19,3215.18,3231.72,3212.03,3230.78
2-Jan-20,3244.67,3258.14,3235.53,3257.85
3-Jan-20,3226.36,3246.15,3222.34,3234.85
6-Jan-20,3217.55,3246.84,3214.64,3246.28
7-Jan-20,3241.86,3244.91,3232.43,3237.18
8-Jan-20,3238.59,3267.07,3236.67,3253.05
9-Jan-20,3266.03,3275.58,3263.67,3274.7
10-Jan-20,3281.81,3282.99,3260.86,3265.35
13-Jan-20,3271.13,3288.13,3268.43,3288.13
14-Jan-20,3285.35,3294.25,3277.19,3283.15
15-Jan-20,3282.27,3298.66,3280.69,3289.29
16-Jan-20,3302.97,3317.11,3302.82,3316.81
17-Jan-20,3323.66,3329.88,3318.86,3329.62
21-Jan-20,3321.03,3329.79,3316.61,3320.79
22-Jan-20,3330.02,3337.77,3320.04,3321.75
23-Jan-20,3315.77,3326.88,3301.87,3325.54
24-Jan-20,3333.1,3333.18,3281.53,3295.47
27-Jan-20,3247.16,3258.85,3234.5,3243.63
28-Jan-20,3255.35,3285.78,3253.22,3276.24
29-Jan-20,3289.46,3293.47,3271.89,3273.4
30-Jan-20,3256.45,3285.91,3242.8,3283.66
31-Jan-20,3282.33,3282.33,3214.68,3225.52
3-Feb-20,3235.66,3268.44,3235.66,3248.92
4-Feb-20,3280.61,3306.92,3280.61,3297.59
5-Feb-20,3324.91,3337.58,3313.75,3334.69
6-Feb-20,3344.92,3347.96,3334.39,3345.78
7-Feb-20,3335.54,3341.42,3322.12,3327.71
10-Feb-20,3318.28,3352.26,3317.77,3352.09
11-Feb-20,3365.87,3375.63,3352.72,3357.75
12-Feb-20,3370.5,3381.47,3369.72,3379.45
13-Feb-20,3365.9,3385.09,3360.52,3373.94
14-Feb-20,3378.08,3380.69,3366.15,3380.16
18-Feb-20,3369.04,3375.01,3355.61,3370.29
19-Feb-20,3380.39,3393.52,3378.83,3386.15
20-Feb-20,3380.45,3389.15,3341.02,3373.23
21-Feb-20,3360.5,3360.76,3328.45,3337.75
24-Feb-20,3257.61,3259.81,3214.65,3225.89
25-Feb-20,3238.94,3246.99,3118.77,3128.21
26-Feb-20,3139.9,3182.51,3108.99,3116.39
27-Feb-20,3062.54,3097.07,2977.39,2978.76
28-Feb-20,2916.9,2959.72,2855.84,2954.22
2-Mar-20,2974.28,3090.96,2945.19,3090.23
3-Mar-20,3096.46,3136.72,2976.63,3003.37
4-Mar-20,3045.75,3130.97,3034.38,3130.12
5-Mar-20,3075.7,3083.04,2999.83,3023.94
6-Mar-20,2954.2,2985.93,2901.54,2972.37
9-Mar-20,2863.89,2863.89,2734.43,2746.56
10-Mar-20,2813.48,2882.59,2734.0,2882.23
11-Mar-20,2825.6,2825.6,2707.22,2741.38
12-Mar-20,2630.86,2660.95,2478.86,2480.64
13-Mar-20,2569.99,2711.33,2492.37,2711.02
16-Mar-20,2508.59,2562.98,2380.94,2386.13
17-Mar-20,2425.66,2553.93,2367.04,2529.19
18-Mar-20,2436.5,2453.57,2280.52,2398.1
19-Mar-20,2393.48,2466.97,2319.78,2409.39
20-Mar-20,2431.94,2453.01,2295.56,2304.92
23-Mar-20,2290.71,2300.73,2191.86,2237.4
24-Mar-20,2344.44,2449.71,2344.44,2447.33
25-Mar-20,2457.77,2571.42,2407.53,2475.56
26-Mar-20,2501.29,2637.01,2500.72,2630.07
27-Mar-20,2555.87,2615.91,2520.02,2541.47
30-Mar-20,2558.98,2631.8,2545.28,2626.65
31-Mar-20,2614.69,2641.39,2571.15,2584.59
1-Apr-20,2498.08,2522.75,2447.49,2470.5
2-Apr-20,2458.54,2533.22,2455.79,2526.9
3-Apr-20,2514.92,2538.18,2459.96,2488.65
6-Apr-20,2578.28,2676.85,2574.57,2663.68
7-Apr-20,2738.65,2756.89,2657.67,2659.41
8-Apr-20,2685.0,2760.75,2663.3,2749.98
9-Apr-20,2776.99,2818.57,2762.36,2789.82
13-Apr-20,2782.46,2782.46,2721.17,2761.63
14-Apr-20,2805.1,2851.85,2805.1,2846.06
15-Apr-20,2795.64,2801.88,2761.54,2783.36
16-Apr-20,2799.34,2806.51,2764.32,2799.55
17-Apr-20,2842.43,2879.22,2830.88,2874.56
20-Apr-20,2845.62,2868.98,2820.43,2823.16
21-Apr-20,2784.81,2785.54,2727.1,2736.56
22-Apr-20,2787.89,2815.1,2775.95,2799.31
23-Apr-20,2810.42,2844.9,2794.26,2797.8
24-Apr-20,2812.64,2842.71,2791.76,2836.74
27-Apr-20,2854.65,2887.72,2852.89,2878.48
28-Apr-20,2909.96,2921.15,2860.71,2863.39
29-Apr-20,2918.46,2954.86,2912.16,2939.51
30-Apr-20,2930.91,2930.91,2892.47,2912.43
1-May-20,2869.09,2869.09,2821.61,2830.71
4-May-20,2815.01,2844.24,2797.85,2842.74
5-May-20,2868.88,2898.23,2863.55,2868.44
6-May-20,2883.14,2891.11,2847.65,2848.42
7-May-20,2878.26,2901.92,2876.48,2881.19
8-May-20,2908.83,2932.16,2902.88,2929.8
11-May-20,2915.46,2944.25,2903.44,2930.19
12-May-20,2939.5,2945.82,2869.59,2870.12
13-May-20,2865.86,2874.14,2793.15,2820.0
14-May-20,2794.54,2852.8,2766.64,2852.5
15-May-20,2829.95,2865.01,2816.78,2863.7
18-May-20,2913.86,2968.09,2913.86,2953.91
19-May-20,2948.59,2964.21,2922.35,2922.94
20-May-20,2953.63,2980.29,2953.63,2971.61
21-May-20,2969.95,2978.5,2938.57,2948.51
22-May-20,2948.05,2956.76,2933.59,2955.45
26-May-20,3004.08,3021.72,2988.17,2991.77
27-May-20,3015.65,3036.25,2969.75,3036.13
28-May-20,3046.61,3068.67,3023.4,3029.73
29-May-20,3025.17,3049.17,2998.61,3044.31
1-Jun-20,3038.78,3062.18,3031.54,3055.73
2-Jun-20,3064.78,3081.07,3051.64,3080.82
3-Jun-20,3098.9,3130.94,3098.9,3122.87
4-Jun-20,3111.56,3128.91,3090.41,3112.35
5-Jun-20,3163.84,3211.72,3163.84,3193.93
8-Jun-20,3199.92,3233.13,3196.0,3232.39
9-Jun-20,3213.32,3222.71,3193.11,3207.18
10-Jun-20,3213.42,3223.27,3181.49,3190.14
11-Jun-20,3123.53,3123.53,2999.49,3002.1
12-Jun-20,3071.04,3088.42,2984.47,3041.31
15-Jun-20,2993.76,3079.76,2965.66,3066.59
16-Jun-20,3131.0,3153.45,3076.06,3124.74
17-Jun-20,3136.13,3141.16,3108.03,3113.49
18-Jun-20,3101.64,3120.0,3093.51,3115.34
19-Jun-20,3140.29,3155.53,3083.11,3097.74
22-Jun-20,3094.42,3120.92,3079.39,3117.86
23-Jun-20,3138.7,3154.9,3127.12,3131.29
24-Jun-20,3114.4,3115.01,3032.13,3050.33
25-Jun-20,3046.6,3086.25,3024.01,3083.76
26-Jun-20,3073.2,3073.73,3004.63,3009.05
29-Jun-20,3018.59,3053.89,2999.74,3053.24
30-Jun-20,3050.2,3111.51,3047.83,3100.29
1-Jul-20,3105.92,3128.44,3101.17,3115.86
2-Jul-20,3143.64,3165.81,3124.52,3130.01
6-Jul-20,3155.29,3182.59,3155.29,3179.72
7-Jul-20,3166.44,3184.15,3142.93,3145.32
8-Jul-20,3153.07,3171.8,3136.53,3169.94
9-Jul-20,3176.17,3179.78,3115.7,3152.05
10-Jul-20,3152.47,3186.82,3136.22,3185.04
13-Jul-20,3205.08,3235.32,3149.43,3155.22
14-Jul-20,3141.11,3200.95,3127.66,3197.52
15-Jul-20,3225.98,3238.28,3200.76,3226.56
16-Jul-20,3208.36,3220.39,3198.59,3215.57
17-Jul-20,3224.21,3233.52,3205.65,3224.73
20-Jul-20,3224.29,3258.61,3215.16,3251.84
21-Jul-20,3268.52,3277.29,3247.77,3257.3
22-Jul-20,3254.86,3279.32,3253.1,3276.02
23-Jul-20,3271.64,3279.99,3222.66,3235.66
24-Jul-20,3218.58,3227.26,3200.05,3215.63
27-Jul-20,3219.84,3241.43,3214.25,3239.41
28-Jul-20,3234.27,3243.72,3216.17,3218.44
29-Jul-20,3227.22,3264.74,3227.22,3258.44
30-Jul-20,3231.76,3250.92,3204.13,3246.22
31-Jul-20,3270.45,3272.17,3220.26,3271.12
3-Aug-20,3288.26,3302.73,3284.53,3294.61
4-Aug-20,3289.92,3306.84,3286.37,3306.51
5-Aug-20,3317.37,3330.77,3317.37,3327.77
6-Aug-20,3323.17,3351.03,3318.14,3349.16
7-Aug-20,3340.05,3352.54,3328.72,3351.28
10-Aug-20,3356.04,3363.29,3335.44,3360.47
11-Aug-20,3370.34,3381.01,3326.44,3333.69
12-Aug-20,3355.46,3387.89,3355.46,3380.35
13-Aug-20,3372.95,3387.24,3363.35,3373.43
14-Aug-20,3368.66,3378.51,3361.64,3372.85
17-Aug-20,3380.86,3387.59,3379.22,3381.99
18-Aug-20,3387.04,3395.06,3370.15,3389.78
19-Aug-20,3392.51,3399.54,3369.66,3374.85
20-Aug-20,3360.48,3390.8,3354.69,3385.51
21-Aug-20,3386.01,3399.96,3379.31,3397.16
24-Aug-20,3418.09,3432.09,3413.13,3431.28
25-Aug-20,3435.95,3444.21,3425.84,3443.62
26-Aug-20,3449.97,3481.07,3444.15,3478.73
27-Aug-20,3485.14,3501.38,3468.35,3484.55
28-Aug-20,3494.69,3509.23,3484.32,3508.01
31-Aug-20,3509.73,3514.77,3493.25,3500.31
1-Sep-20,3507.44,3528.03,3494.6,3526.65
2-Sep-20,3543.76,3588.11,3535.23,3580.84
3-Sep-20,3564.74,3564.85,3427.41,3455.06
4-Sep-20,3453.6,3479.15,3349.63,3426.96
8-Sep-20,3371.88,3379.97,3329.27,3331.84
9-Sep-20,3369.82,3424.77,3366.84,3398.96
10-Sep-20,3412.56,3425.55,3329.25,3339.19
11-Sep-20,3352.7,3368.95,3310.47,3340.97
14-Sep-20,3363.56,3402.93,3363.56,3383.54
15-Sep-20,3407.73,3419.48,3389.25,3401.2
16-Sep-20,3411.23,3428.92,3384.45,3385.49
17-Sep-20,3346.86,3375.17,3328.82,3357.01
18-Sep-20,3357.38,3362.27,3292.4,3319.47
21-Sep-20,3285.57,3285.57,3229.1,3281.06
22-Sep-20,3295.75,3320.31,3270.95,3315.57
23-Sep-20,3320.11,3323.35,3232.57,3236.92
24-Sep-20,3226.14,3278.7,3209.45,3246.59
25-Sep-20,3236.66,3306.88,3228.44,3298.46
28-Sep-20,3333.9,3360.74,3332.91,3351.6
29-Sep-20,3350.92,3357.92,3327.54,3335.47
30-Sep-20,3341.21,3393.56,3340.47,3363.0
1-Oct-20,3385.87,3397.18,3361.39,3380.8
2-Oct-20,3338.94,3369.1,3323.69,3348.42
5-Oct-20,3367.27,3409.57,3367.27,3408.6
6-Oct-20,3408.74,3431.56,3354.54,3360.97
7-Oct-20,3384.56,3426.26,3384.56,3419.44
8-Oct-20,3434.28,3447.28,3428.15,3446.83
9-Oct-20,3459.67,3482.34,3458.07,3477.14
12-Oct-20,3500.02,3549.85,3499.61,3534.22
13-Oct-20,3534.01,3534.01,3500.86,3511.93
14-Oct-20,3515.47,3527.94,3480.55,3488.67
15-Oct-20,3453.72,3489.08,3440.89,3483.34
16-Oct-20,3493.5,3515.76,3480.45,3483.81
19-Oct-20,3493.66,3502.42,3419.93,3426.92
20-Oct-20,3439.38,3476.93,3435.65,3443.12
21-Oct-20,3439.91,3464.86,3433.06,3435.56
22-Oct-20,3438.5,3460.53,3415.34,3453.49
23-Oct-20,3464.9,3466.46,3440.45,3465.39
26-Oct-20,3441.42,3441.42,3364.86,3400.97
27-Oct-20,3403.15,3409.51,3388.71,3390.68
28-Oct-20,3342.48,3342.48,3268.89,3271.03
29-Oct-20,3277.17,3341.05,3259.82,3310.11
30-Oct-20,3293.59,3304.93,3233.94,3269.96
2-Nov-20,3296.2,3330.14,3279.74,3310.24
3-Nov-20,3336.25,3389.49,3336.25,3369.16
4-Nov-20,3406.46,3486.25,3405.17,3443.44
5-Nov-20,3485.74,3529.05,3485.74,3510.45
6-Nov-20,3508.34,3521.58,3484.34,3509.44
9-Nov-20,3583.04,3645.99,3547.48,3550.5
10-Nov-20,3543.26,3557.22,3511.91,3545.53
11-Nov-20,3563.22,3581.16,3557.0,3572.66
12-Nov-20,3562.67,3569.02,3518.58,3537.01
13-Nov-20,3552.57,3593.66,3552.57,3585.15
16-Nov-20,3600.16,3628.51,3600.16,3626.91
17-Nov-20,3610.31,3623.11,3588.68,3609.53
18-Nov-20,3612.09,3619.09,3567.33,3567.79
19-Nov-20,3559.41,3585.22,3543.84,3581.87
20-Nov-20,3579.31,3581.23,3556.85,3557.54
23-Nov-20,3566.82,3589.81,3552.77,3577.59
24-Nov-20,3594.52,3642.31,3594.52,3635.41
25-Nov-20,3635.5,3635.5,3617.76,3629.65
27-Nov-20,3638.55,3644.31,3629.33,3638.35
30-Nov-20,3634.18,3634.18,3594.39,3621.63
1-Dec-20,3645.87,3678.45,3645.87,3662.45
2-Dec-20,3653.78,3670.96,3644.84,3669.01
3-Dec-20,3668.28,3682.73,3657.17,3666.72
4-Dec-20,3670.94,3699.2,3670.94,3699.12
7-Dec-20,3694.73,3697.41,3678.88,3691.96
8-Dec-20,3683.05,3708.45,3678.83,3702.25
9-Dec-20,3705.98,3712.39,3660.54,3672.82
10-Dec-20,3659.13,3678.49,3645.18,3668.1
11-Dec-20,3656.08,3665.91,3633.4,3663.46
14-Dec-20,3675.27,3697.61,3645.84,3647.49
15-Dec-20,3666.41,3695.29,3659.62,3694.62
16-Dec-20,3696.25,3711.27,3688.57,3701.17
17-Dec-20,3713.65,3725.12,3710.87,3722.48
18-Dec-20,3722.39,3726.7,3685.84,3709.41
21-Dec-20,3684.28,3702.9,3636.48,3694.92
22-Dec-20,3698.08,3698.26,3676.16,3687.26
23-Dec-20,3693.42,3711.24,3689.28,3690.01
24-Dec-20,3694.03,3703.82,3689.32,3703.06
28-Dec-20,3723.03,3740.51,3723.03,3735.36
29-Dec-20,3750.01,3756.12,3723.31,3727.04
30-Dec-20,3736.19,3744.63,3730.21,3732.04
31-Dec-20,3733.27,3760.2,3726.88,3756.07
4-Jan-21,3764.61,3769.99,3662.71,3700.65
5-Jan-21,3698.02,3737.83,3695.07,3726.86
6-Jan-21,3712.2,3783.04,3705.34,3748.14
7-Jan-21,3764.71,3811.55,3764.71,3803.79
8-Jan-21,3815.05,3826.69,3783.6,3824.68
11-Jan-21,3803.14,3817.86,3789.02,3799.61
12-Jan-21,3801.62,3810.78,3776.51,3801.19
13-Jan-21,3802.23,3820.96,3791.5,3809.84
14-Jan-21,3814.98,3823.6,3792.86,3795.54
15-Jan-21,3788.73,3788.73,3749.62,3768.25
19-Jan-21,3781.88,3804.53,3780.37,3798.91
20-Jan-21,3816.22,3859.75,3816.22,3851.85
21-Jan-21,3857.46,3861.45,3845.05,3853.07
22-Jan-21,3844.24,3852.31,3830.41,3841.47
25-Jan-21,3851.68,3859.23,3797.16,3855.36
26-Jan-21,3862.96,3870.9,3847.78,3849.62
27-Jan-21,3836.83,3836.83,3732.48,3750.77
28-Jan-21,3755.75,3830.5,3755.75,3787.38
29-Jan-21,3778.05,3778.05,3694.12,3714.24
1-Feb-21,3731.17,3784.32,3725.62,3773.86
2-Feb-21,3791.84,3843.09,3791.84,3826.31
3-Feb-21,3840.27,3847.51,3816.68,3830.17
4-Feb-21,3836.66,3872.42,3836.66,3871.74
5-Feb-21,3878.3,3894.56,3874.93,3886.83
8-Feb-21,3892.59,3915.77,3892.59,3915.59
9-Feb-21,3910.49,3918.35,3902.64,3911.23
10-Feb-21,3920.78,3931.5,3884.94,3909.88
11-Feb-21,3916.4,3925.99,3890.39,3916.38
12-Feb-21,3911.65,3937.23,3905.78,3934.83
16-Feb-21,3939.61,3950.43,3923.85,3932.59
17-Feb-21,3918.5,3933.61,3900.43,3931.33
18-Feb-21,3915.86,3921.98,3885.03,3913.97
19-Feb-21,3921.16,3930.41,3903.07,3906.71
22-Feb-21,3885.55,3902.92,3874.71,3876.5
23-Feb-21,3857.07,3895.98,3805.59,3881.37
24-Feb-21,3873.71,3928.65,3859.6,3925.43
25-Feb-21,3915.8,3925.02,3814.04,3829.34
26-Feb-21,3839.66,3861.08,3789.54,3811.15
1-Mar-21,3842.51,3914.5,3842.51,3901.82
2-Mar-21,3903.64,3906.41,3868.57,3870.29
3-Mar-21,3863.99,3874.47,3818.86,3819.72
4-Mar-21,3818.53,3843.67,3723.34,3768.47
5-Mar-21,3793.58,3851.69,3730.19,3841.94
8-Mar-21,3844.39,3881.06,3819.25,3821.35
9-Mar-21,3851.93,3903.76,3851.93,3875.44
10-Mar-21,3891.99,3917.35,3885.73,3898.81
11-Mar-21,3915.54,3960.27,3915.54,3939.34
12-Mar-21,3924.52,3944.99,3915.21,3943.34
15-Mar-21,3942.96,3970.08,3923.54,3968.94
16-Mar-21,3973.59,3981.04,3953.44,3962.71
17-Mar-21,3949.57,3983.87,3935.74,3974.12
18-Mar-21,3953.5,3969.62,3910.86,3915.46
19-Mar-21,3913.14,3930.12,3886.75,3913.1
22-Mar-21,3916.48,3955.31,3914.16,3940.59
23-Mar-21,3937.6,3949.13,3901.57,3910.52
24-Mar-21,3919.93,3942.08,3889.07,3889.14
25-Mar-21,3879.34,3919.54,3853.5,3909.52
26-Mar-21,3917.12,3978.19,3917.12,3974.54
29-Mar-21,3969.31,3981.83,3943.25,3971.09
30-Mar-21,3963.34,3968.01,3944.35,3958.55
31-Mar-21,3967.25,3994.41,3966.98,3972.89
1-Apr-21,3992.78,4020.63,3992.78,4019.87
5-Apr-21,4034.44,4083.42,4034.44,4077.91
6-Apr-21,4075.57,4086.23,4068.14,4073.94
7-Apr-21,4074.29,4083.13,4068.31,4079.95
8-Apr-21,4089.95,4098.19,4082.54,4097.17
9-Apr-21,4096.11,4129.48,4095.51,4128.8
12-Apr-21,4124.71,4131.76,4114.82,4127.99
13-Apr-21,4130.1,4148.0,4124.43,4141.59
14-Apr-21,4141.58,4151.69,4120.87,4124.66
15-Apr-21,4139.76,4173.49,4139.76,4170.42
16-Apr-21,4174.14,4191.31,4170.75,4185.47
19-Apr-21,4179.8,4180.81,4150.47,4163.26
20-Apr-21,4159.18,4159.18,4118.38,4134.94
21-Apr-21,4128.42,4175.02,4126.35,4173.42
22-Apr-21,4170.46,4179.57,4123.69,4134.98
23-Apr-21,4138.78,4194.17,4138.78,4180.17
26-Apr-21,4185.03,4194.19,4182.36,4187.62
27-Apr-21,4188.25,4193.35,4176.22,4186.72
28-Apr-21,4185.14,4201.53,4181.78,4183.18
29-Apr-21,4206.14,4218.78,4176.81,4211.47
30-Apr-21,4198.1,4198.1,4174.85,4181.17
3-May-21,4191.98,4209.39,4188.03,4192.66
4-May-21,4179.04,4179.04,4128.59,4164.66
5-May-21,4177.06,4187.72,4160.94,4167.59
6-May-21,4169.14,4202.7,4147.33,4201.62
7-May-21,4210.34,4238.04,4201.64,4232.6
10-May-21,4228.29,4236.39,4188.13,4188.43
11-May-21,4150.34,4162.04,4111.53,4152.1
12-May-21,4130.55,4134.73,4056.88,4063.04
13-May-21,4074.99,4131.58,4074.99,4112.5
14-May-21,4129.58,4183.13,4129.58,4173.85
17-May-21,4169.92,4171.92,4142.69,4163.29
18-May-21,4165.94,4169.15,4125.99,4127.83
19-May-21,4098.45,4116.93,4061.41,4115.68
20-May-21,4121.97,4172.8,4121.97,4159.12
21-May-21,4168.61,4188.72,4151.72,4155.86
24-May-21,4170.16,4209.52,4170.16,4197.05
25-May-21,4205.94,4213.42,4182.52,4188.13
26-May-21,4191.59,4202.61,4184.11,4195.99
27-May-21,4201.94,4213.38,4197.78,4200.88
28-May-21,4210.77,4218.36,4203.57,4204.11
1-Jun-21,4216.52,4234.12,4197.59,4202.04
2-Jun-21,4206.82,4217.37,4198.27,4208.12
3-Jun-21,4191.43,4204.39,4167.93,4192.85
4-Jun-21,4206.05,4233.45,4206.05,4229.89
7-Jun-21,4229.34,4232.34,4215.66,4226.52
8-Jun-21,4233.81,4236.74,4208.41,4227.26
9-Jun-21,4232.99,4237.09,4218.74,4219.55
10-Jun-21,4228.56,4249.74,4220.34,4239.18
11-Jun-21,4242.9,4248.38,4232.25,4247.44
14-Jun-21,4248.31,4255.59,4234.07,4255.15
15-Jun-21,4255.28,4257.16,4238.35,4246.59
16-Jun-21,4248.87,4251.89,4202.45,4223.7
17-Jun-21,4220.37,4232.29,4196.05,4221.86
18-Jun-21,4204.78,4204.78,4164.4,4166.45
21-Jun-21,4173.4,4226.24,4173.4,4224.79
22-Jun-21,4224.61,4255.84,4217.27,4246.44
23-Jun-21,4249.27,4256.6,4241.43,4241.84
24-Jun-21,4256.97,4271.28,4256.97,4266.49
25-Jun-21,4274.45,4286.12,4271.16,4280.7
28-Jun-21,4284.9,4292.14,4274.67,4290.61
29-Jun-21,4293.21,4300.52,4287.04,4291.8
30-Jun-21,4290.65,4302.43,4287.96,4297.5
1-Jul-21,4300.73,4320.66,4300.73,4319.94
2-Jul-21,4326.6,4355.43,4326.6,4352.34
6-Jul-21,4356.46,4356.46,4314.37,4343.54
7-Jul-21,4351.01,4361.88,4329.79,4358.13
8-Jul-21,4321.07,4330.88,4289.37,4320.82
9-Jul-21,4329.38,4371.6,4329.38,4369.55
12-Jul-21,4372.41,4386.68,4364.03,4384.63
13-Jul-21,4381.07,4392.37,4366.92,4369.21
14-Jul-21,4380.11,4393.68,4362.36,4374.3
15-Jul-21,4369.02,4369.02,4340.7,4360.03
16-Jul-21,4367.43,4375.09,4322.53,4327.16
19-Jul-21,4296.4,4296.4,4233.13,4258.49
20-Jul-21,4265.11,4336.84,4262.05,4323.06
21-Jul-21,4331.13,4359.7,4331.13,4358.69
22-Jul-21,4361.27,4369.87,4350.06,4367.48
23-Jul-21,4381.2,4415.18,4381.2,4411.79
26-Jul-21,4409.58,4422.73,4405.45,4422.3
27-Jul-21,4416.38,4416.38,4372.51,4401.46
28-Jul-21,4402.95,4415.47,4387.01,4400.64
29-Jul-21,4403.59,4429.97,4403.59,4419.15
30-Jul-21,4395.12,4412.25,4389.65,4395.26
2-Aug-21,4406.86,4422.18,4384.81,4387.16
3-Aug-21,4392.74,4423.79,4373.0,4423.15
4-Aug-21,4415.95,4416.17,4400.23,4402.66
5-Aug-21,4408.86,4429.76,4408.86,4429.1
6-Aug-21,4429.07,4440.82,4429.07,4436.52
9-Aug-21,4437.77,4439.39,4424.74,4432.35
10-Aug-21,4435.79,4445.21,4430.03,4436.75
11-Aug-21,4442.18,4449.44,4436.42,4442.41
12-Aug-21,4446.08,4461.77,4435.96,4460.83
13-Aug-21,4464.84,4468.37,4460.82,4468.0
16-Aug-21,4461.65,4480.26,4437.66,4479.71
17-Aug-21,4462.12,4462.12,4417.83,4448.08
18-Aug-21,4440.94,4454.32,4397.59,4400.27
19-Aug-21,4382.44,4418.61,4367.73,4405.8
20-Aug-21,4410.56,4444.35,4406.8,4441.67
23-Aug-21,4450.29,4489.88,4450.29,4479.53
24-Aug-21,4484.4,4492.81,4482.28,4486.23
25-Aug-21,4490.45,4501.71,4485.66,4496.19
26-Aug-21,4493.75,4495.9,4468.99,4470.0
27-Aug-21,4474.1,4513.33,4474.1,4509.37
30-Aug-21,4513.76,4537.36,4513.76,4528.79
31-Aug-21,4529.75,4531.39,4515.8,4522.68
1-Sep-21,4528.8,4537.11,4522.02,4524.09
2-Sep-21,4534.48,4545.85,4524.66,4536.95
3-Sep-21,4532.42,4541.45,4521.3,4535.43
7-Sep-21,4535.38,4535.38,4513.0,4520.03
8-Sep-21,4518.09,4521.79,4493.95,4514.07
9-Sep-21,4513.02,4529.9,4492.07,4493.28
10-Sep-21,4506.92,4520.47,4457.66,4458.58
13-Sep-21,4474.81,4492.99,4445.7,4468.73
14-Sep-21,4479.33,4485.68,4435.46,4443.05
15-Sep-21,4447.49,4486.87,4438.37,4480.7
16-Sep-21,4477.09,4485.87,4443.8,4473.75
17-Sep-21,4469.74,4471.52,4427.76,4432.99
20-Sep-21,4402.95,4402.95,4305.91,4357.73
21-Sep-21,4374.45,4394.87,4347.96,4354.19
22-Sep-21,4367.43,4416.75,4367.43,4395.64
23-Sep-21,4406.75,4465.4,4406.75,4448.98
24-Sep-21,4438.04,4463.12,4430.27,4455.48
27-Sep-21,4442.12,4457.3,4436.19,4443.11
28-Sep-21,4419.54,4419.54,4346.33,4352.63
29-Sep-21,4362.41,4385.57,4355.08,4359.46
30-Sep-21,4370.67,4382.55,4306.24,4307.54
1-Oct-21,4317.16,4375.19,4288.52,4357.04
4-Oct-21,4348.84,4355.51,4278.94,4300.46
5-Oct-21,4309.87,4369.23,4309.87,4345.72
6-Oct-21,4319.57,4365.57,4290.49,4363.55
7-Oct-21,4383.73,4429.97,4383.73,4399.76
8-Oct-21,4406.51,4412.02,4386.22,4391.34
11-Oct-21,4385.44,4415.88,4360.59,4361.19
12-Oct-21,4368.31,4374.89,4342.09,4350.65
13-Oct-21,4358.01,4372.87,4329.92,4363.8
14-Oct-21,4386.75,4439.73,4386.75,4438.26
15-Oct-21,4447.69,4475.82,4447.69,4471.37
18-Oct-21,4463.72,4488.75,4447.47,4486.46
19-Oct-21,4497.34,4520.4,4496.41,4519.63
20-Oct-21,4524.42,4540.87,4524.4,4536.19
21-Oct-21,4532.24,4551.44,4526.89,4549.78
22-Oct-21,4546.12,4559.67,4524.0,4544.9
25-Oct-21,4553.69,4572.62,4537.36,4566.48
26-Oct-21,4578.69,4598.53,4569.17,4574.79
27-Oct-21,4580.22,4584.57,4551.66,4551.68
28-Oct-21,4562.84,4597.55,4562.84,4596.42
29-Oct-21,4572.87,4608.08,4567.59,4605.38
1-Nov-21,4610.62,4620.34,4595.06,4613.67
2-Nov-21,4613.34,4635.15,4613.34,4630.65
3-Nov-21,4630.65,4663.46,4621.19,4660.57
4-Nov-21,4662.93,4683.0,4662.59,4680.06
5-Nov-21,4699.26,4718.5,4681.32,4697.53
8-Nov-21,4701.48,4714.92,4694.39,4701.7
9-Nov-21,4707.25,4708.53,4670.87,4685.25
10-Nov-21,4670.26,4684.85,4630.86,4646.71
11-Nov-21,4659.39,4664.55,4648.31,4649.27
12-Nov-21,4655.24,4688.47,4650.77,4682.85
15-Nov-21,4689.3,4697.42,4672.86,4682.8
16-Nov-21,4679.42,4714.95,4679.42,4700.9
17-Nov-21,4701.5,4701.5,4684.41,4688.67
18-Nov-21,4700.72,4708.8,4672.78,4704.54
19-Nov-21,4708.44,4717.75,4694.22,4697.96
22-Nov-21,4712.0,4743.83,4682.17,4682.94
23-Nov-21,4678.48,4699.39,4652.66,4690.7
24-Nov-21,4675.78,4702.87,4659.89,4701.46
26-Nov-21,4664.63,4664.63,4585.43,4594.62
29-Nov-21,4628.75,4672.95,4625.26,4655.27
30-Nov-21,4640.25,4646.02,4560.0,4567.0
1-Dec-21,4602.82,4652.94,4510.27,4513.04
2-Dec-21,4504.73,4595.46,4504.73,4577.1
3-Dec-21,4589.49,4608.03,4495.12,4538.43
6-Dec-21,4548.37,4612.6,4540.51,4591.67
7-Dec-21,4631.97,4694.04,4631.97,4686.75
8-Dec-21,4690.86,4705.06,4674.52,4701.21
9-Dec-21,4691.0,4695.26,4665.98,4667.45
10-Dec-21,4687.64,4713.57,4670.24,4712.02
13-Dec-21,4710.3,4710.3,4667.6,4668.97
14-Dec-21,4642.99,4660.47,4606.52,4634.09
15-Dec-21,4636.46,4712.6,4611.22,4709.85
16-Dec-21,4719.13,4731.99,4651.89,4668.67
17-Dec-21,4652.5,4666.7,4600.22,4620.64
20-Dec-21,4587.9,4587.9,4531.1,4568.02
21-Dec-21,4594.96,4651.14,4583.16,4649.23
22-Dec-21,4650.36,4697.67,4645.53,4696.56
23-Dec-21,4703.96,4740.74,4703.96,4725.79
27-Dec-21,4733.99,4791.49,4733.99,4791.19
28-Dec-21,4795.49,4807.02,4780.04,4786.35
29-Dec-21,4788.64,4804.06,4778.08,4793.06
30-Dec-21,4794.23,4808.93,4775.33,4778.73
