Date,MJD,BarIdx,OpenTime,CloseTime,OpenPrice,ClosePrice,MinPrice,MaxPrice,Quantity
20211101,59519,0,9:30:00,9:44:59,148.985,148.73,148.555,149.7,6147258
20211101,59519,1,9:45:00,9:59:59,148.73,148.235,148.08,148.76,4083729
20211101,59519,2,10:00:00,10:14:59,148.24,148.56,147.8,148.69,3954191
20211101,59519,3,10:15:00,10:29:59,148.5784,148.782,148.45,148.8666,2012234
20211101,59519,4,10:30:00,10:44:59,148.781,148.44,148.37,148.855,1854136
20211101,59519,5,10:45:00,10:59:59,148.45,148.36,148.295,148.72,1858156
20211101,59519,6,11:00:00,11:14:59,148.35,148.615,148.25,148.75,1251988
20211101,59519,7,11:15:00,11:29:59,148.618,148.84,148.61,148.96,1330694
20211101,59519,8,11:30:00,11:44:59,148.83,148.7199,148.63,149.04,1336657
20211101,59519,9,11:45:00,11:59:59,148.715,148.89,148.63,148.945,1159834
20211101,59519,10,12:00:00,12:14:59,148.9,148.7621,148.755,149.025,1185195
20211101,59519,11,12:15:00,12:29:59,148.77,148.785,148.66,148.8661,1154145
20211101,59519,12,12:30:00,12:44:59,148.79,148.745,148.695,148.9,1191814
20211101,59519,13,12:45:00,12:59:58,148.74,148.935,148.662,149.02,1922262
20211101,59519,14,13:00:00,13:14:59,148.94,148.9127,148.8,149,933583
20211101,59519,15,13:15:00,13:29:59,148.916,148.81,148.78,149.02,1023180
20211101,59519,16,13:30:00,13:44:59,148.8,148.675,148.62,148.82,1311112
20211101,59519,17,13:45:00,13:59:59,148.68,148.57,148.51,148.77,980269
20211101,59519,18,14:00:00,14:14:59,148.56,148.48,148.46,148.7,1188986
20211101,59519,19,14:15:00,14:29:59,148.48,148.375,148.37,148.57,1099252
20211101,59519,20,14:30:01,14:44:59,148.37,148.4291,148.28,148.48,921732
20211101,59519,21,14:45:00,14:59:58,148.425,148.345,148.27,148.54,1043595
20211101,59519,22,15:00:00,15:14:58,148.34,148.403,148.317,148.5,933279
20211101,59519,23,15:15:00,15:29:58,148.4,148.782,148.355,148.97,1909274
20211101,59519,24,15:30:00,15:44:58,148.785,148.87,148.67,148.98,1464609
20211101,59519,25,15:45:00,16:00:00,148.8701,148.96,148.52,149.01,4242855
20211102,59520,0,9:30:00,9:44:59,148.66,150.14,148.65,150.4894,6376219
20211102,59520,1,9:45:00,9:59:59,150.145,149.93,149.72,150.33,3235641
20211102,59520,2,10:00:00,10:14:59,149.94,149.52,149.3335,149.9797,2327034
20211102,59520,3,10:15:00,10:29:59,149.53,150.0698,149.46,150.08,1881951
20211102,59520,4,10:30:00,10:44:59,150.07,150.73,150.0699,150.87,3408639
20211102,59520,5,10:45:00,10:59:59,150.74,150.8601,150.43,150.915,2162829
20211102,59520,6,11:00:00,11:14:59,150.87,150.81,150.62,150.915,1650922
20211102,59520,7,11:15:00,11:29:59,150.81,151.15,150.7102,151.22,1984563
20211102,59520,8,11:30:00,11:44:59,151.14,151.46,151.03,151.47,2563571
20211102,59520,9,11:45:00,11:59:59,151.47,150.9401,150.89,151.57,2008435
20211102,59520,10,12:00:00,12:14:58,150.94,150.8921,150.585,151.02,1571522
20211102,59520,11,12:15:00,12:29:59,150.88,150.99,150.73,151.07,1283435
20211102,59520,12,12:30:01,12:44:59,151.0026,151.175,150.8427,151.25,1451086
20211102,59520,13,12:45:00,12:59:59,151.1795,151.4,151.16,151.48,1383458
20211102,59520,14,13:00:00,13:14:58,151.41,151.3599,151.24,151.47,1228460
20211102,59520,15,13:15:00,13:29:58,151.35,151.035,150.99,151.405,1079779
20211102,59520,16,13:30:00,13:44:59,151.035,151.02,150.86,151.07,1163408
20211102,59520,17,13:45:00,13:59:59,151.025,150.9576,150.895,151.13,958677
20211102,59520,18,14:00:03,14:14:59,150.955,150.685,150.55,150.99,1369868
20211102,59520,19,14:15:00,14:29:58,150.68,150.505,150.44,150.75,1171429
20211102,59520,20,14:30:00,14:44:56,150.5,150.24,150.22,150.5784,1198773
20211102,59520,21,14:45:00,14:59:59,150.2477,150.365,150.07,150.43,1627648
20211102,59520,22,15:00:00,15:14:59,150.3684,150.235,150.19,150.435,936637
20211102,59520,23,15:15:00,15:29:59,150.235,150.275,150.115,150.35,1038034
20211102,59520,24,15:30:00,15:44:59,150.27,150.38,150.085,150.41,1287019
20211102,59520,25,15:45:00,16:00:00,150.3899,150.02,149.82,150.42,9062600
20211103,59521,0,9:30:00,9:44:59,150.39,150.71,149.82,150.97,4237987
20211103,59521,1,9:45:00,9:59:59,150.71,150.72,150.43,150.9589,2043488
20211103,59521,2,10:00:00,10:14:59,150.73,150.55,150.3623,150.8082,1448089
20211103,59521,3,10:15:00,10:29:59,150.545,150.615,150.5,150.82,1206765
20211103,59521,4,10:30:00,10:44:59,150.62,150.3708,150.27,150.64,1087201
20211103,59521,5,10:45:00,10:59:59,150.3708,150.2684,150.1103,150.5,1303681
20211103,59521,6,11:00:00,11:14:59,150.265,150.5,150.16,150.5287,1093260
20211103,59521,7,11:15:00,11:29:58,150.5,150.36,150.3,150.55,900035
20211103,59521,8,11:30:00,11:44:59,150.355,150.525,150.27,150.53,702672
20211103,59521,9,11:45:00,11:59:59,150.525,150.515,150.45,150.58,695615
20211103,59521,10,12:00:02,12:14:59,150.51,150.531,150.43,150.6,712790
20211103,59521,11,12:15:01,12:29:59,150.5382,150.56,150.52,150.63,801386
20211103,59521,12,12:30:00,12:44:58,150.57,150.66,150.53,150.7,655833
20211103,59521,13,12:45:02,12:59:58,150.6587,150.3795,150.35,150.69,591801
20211103,59521,14,13:00:00,13:14:59,150.38,150.315,150.23,150.4,644348
20211103,59521,15,13:15:00,13:29:56,150.3199,150.32,150.24,150.38,499257
20211103,59521,16,13:30:01,13:44:59,150.3101,150.39,150.3027,150.45,504389
20211103,59521,17,13:45:00,13:59:57,150.392,150.36,150.19,150.4,744501
20211103,59521,18,14:00:00,14:14:58,150.37,150.48,150.21,150.99,2502389
20211103,59521,19,14:15:00,14:29:59,150.5,150.845,150.41,150.88,1099965
20211103,59521,20,14:30:00,14:44:59,150.8499,151.021,150.62,151.07,1672299
20211103,59521,21,14:45:00,14:59:59,151.0201,151.22,151.0201,151.41,1874088
20211103,59521,22,15:00:00,15:14:58,151.22,151.27,151.04,151.33,1557452
20211103,59521,23,15:15:00,15:29:59,151.27,151.49,151.21,151.495,1351953
20211103,59521,24,15:30:00,15:44:59,151.49,151.69,151.37,151.76,1916219
20211103,59521,25,15:45:00,16:00:00,151.6907,151.49,151.41,151.97,10202037
20211104,59522,0,9:30:00,9:44:59,151.58,152.1283,151.28,152.309,4827300
20211104,59522,1,9:45:00,9:59:59,152.12,152.075,151.99,152.43,2498675
20211104,59522,2,10:00:00,10:14:59,152.08,151.84,151.55,152.1,2129788
20211104,59522,3,10:15:00,10:29:59,151.848,151.748,151.6553,151.99,1587439
20211104,59522,4,10:30:00,10:44:59,151.75,151.72,151.57,151.96,1599393
20211104,59522,5,10:45:00,10:59:59,151.725,151.915,151.6,151.99,1559501
20211104,59522,6,11:00:00,11:14:58,151.92,151.4841,151.45,151.95,1946957
20211104,59522,7,11:15:00,11:29:59,151.48,151.11,150.84,151.48,2227611
20211104,59522,8,11:30:00,11:44:59,151.1111,151.19,151.02,151.2699,1330158
20211104,59522,9,11:45:00,11:59:59,151.19,151.37,151.1701,151.43,1344648
20211104,59522,10,12:00:00,12:14:58,151.37,151.575,151.29,151.585,958874
20211104,59522,11,12:15:00,12:29:59,151.57,151.32,151.22,151.67,1113356
20211104,59522,12,12:30:00,12:44:59,151.315,151.3,151.21,151.42,795177
20211104,59522,13,12:45:01,12:59:59,151.29,151.22,151.145,151.335,769020
20211104,59522,14,13:00:00,13:14:59,151.221,151.23,151.035,151.24,1019715
20211104,59522,15,13:15:00,13:29:59,151.2317,151.22,151.02,151.27,1115364
20211104,59522,16,13:30:00,13:44:59,151.21,151.45,151.17,151.46,975599
20211104,59522,17,13:45:00,13:59:57,151.45,151.5301,151.39,151.57,1091033
20211104,59522,18,14:00:00,14:14:58,151.53,151.36,151.18,151.55,1133823
20211104,59522,19,14:15:00,14:29:59,151.36,151.135,151.13,151.38,892056
20211104,59522,20,14:30:00,14:44:59,151.135,151.2368,151.12,151.35,848278
20211104,59522,21,14:45:00,14:59:59,151.23,151.18,151.155,151.36,920112
20211104,59522,22,15:00:00,15:14:59,151.175,151.4124,151.13,151.44,1130857
20211104,59522,23,15:15:00,15:29:59,151.41,151.44,151.33,151.49,866855
20211104,59522,24,15:30:00,15:44:59,151.45,151.14,151.035,151.54,1324992
20211104,59522,25,15:45:00,16:00:00,151.145,150.96,150.64,151.44,12009456
20211105,59523,0,9:30:00,9:44:59,151.89,151.5143,151.26,152.19,4758970
20211105,59523,1,9:45:00,9:59:59,151.52,151.65,151.245,151.7394,2453353
20211105,59523,2,10:00:00,10:14:59,151.6399,151.56,151.31,151.78,1802583
20211105,59523,3,10:15:00,10:29:58,151.56,151.23,151.13,151.6101,1643608
20211105,59523,4,10:30:00,10:44:59,151.22,151.055,151.015,151.32,1545718
20211105,59523,5,10:45:00,10:59:59,151.06,151.133,150.81,151.165,1950174
20211105,59523,6,11:00:00,11:14:59,151.13,151.185,150.86,151.2399,1388742
20211105,59523,7,11:15:02,11:29:59,151.185,150.9496,150.89,151.33,1369730
20211105,59523,8,11:30:00,11:44:59,150.9499,151.01,150.9012,151.09,1032989
20211105,59523,9,11:45:00,11:59:59,151.015,150.9126,150.85,151.1,1007190
20211105,59523,10,12:00:00,12:14:59,150.91,150.945,150.875,151.065,761701
20211105,59523,11,12:15:00,12:29:59,150.95,150.935,150.87,151.01,779702
20211105,59523,12,12:30:01,12:44:59,150.93,150.625,150.57,150.9874,1277608
20211105,59523,13,12:45:00,12:59:59,150.62,150.81,150.525,150.83,881368
20211105,59523,14,13:00:00,13:14:59,150.82,150.52,150.44,150.87,885379
20211105,59523,15,13:15:00,13:29:58,150.52,150.09,150.06,150.65,1237826
20211105,59523,16,13:30:00,13:44:59,150.09,150.35,150.06,150.5,969923
20211105,59523,17,13:45:03,13:59:59,150.35,150.551,150.19,150.57,763324
20211105,59523,18,14:00:00,14:14:58,150.55,150.48,150.41,150.68,843255
20211105,59523,19,14:15:00,14:29:59,150.48,150.45,150.19,150.53,996566
20211105,59523,20,14:30:00,14:44:57,150.45,150.4201,150.22,150.465,897574
20211105,59523,21,14:45:00,14:59:58,150.425,150.62,150.405,150.63,978776
20211105,59523,22,15:00:00,15:14:59,150.62,150.7799,150.3401,150.79,1394183
20211105,59523,23,15:15:00,15:29:58,150.775,150.815,150.67,150.89,1357642
20211105,59523,24,15:30:00,15:44:59,150.8177,151.235,150.815,151.46,2305357
20211105,59523,25,15:45:00,16:00:00,151.23,151.28,150.96,151.38,11109205
20211108,59526,0,9:30:00,9:44:59,151.41,150.8019,150.7,151.57,4325783
20211108,59526,1,9:45:00,9:59:59,150.805,150.9542,150.73,151.11,2319176
20211108,59526,2,10:00:00,10:14:59,150.96,151.15,150.875,151.45,2227079
20211108,59526,3,10:15:00,10:29:59,151.15,151.02,151.01,151.305,1320658
20211108,59526,4,10:30:00,10:44:57,151.02,150.885,150.72,151.09,1342702
20211108,59526,5,10:45:00,10:59:59,150.89,150.7602,150.76,150.96,1230316
20211108,59526,6,11:00:00,11:14:59,150.76,150.65,150.56,150.889,1217474
20211108,59526,7,11:15:00,11:29:59,150.65,150.6685,150.515,150.8,1264925
20211108,59526,8,11:30:00,11:44:59,150.66,150.5595,150.48,150.7,890505
20211108,59526,9,11:45:00,11:59:58,150.5575,150.4102,150.345,150.62,986033
20211108,59526,10,12:00:00,12:14:59,150.41,150.38,150.16,150.43,1196645
20211108,59526,11,12:15:02,12:29:58,150.39,150.45,150.2014,150.45,811198
20211108,59526,12,12:30:02,12:44:59,150.445,150.475,150.34,150.56,623539
20211108,59526,13,12:45:00,12:59:59,150.48,150.59,150.42,150.61,546390
20211108,59526,14,13:00:00,13:14:59,150.585,150.74,150.53,150.8661,850627
20211108,59526,15,13:15:00,13:29:58,150.7387,150.88,150.7,151.01,916793
20211108,59526,16,13:30:00,13:44:59,150.88,150.84,150.765,150.95,648081
20211108,59526,17,13:45:00,13:59:58,150.84,150.5895,150.585,150.8572,590789
20211108,59526,18,14:00:00,14:14:59,150.5819,150.68,150.535,150.74,698097
20211108,59526,19,14:15:01,14:29:59,150.6887,150.525,150.52,150.8,727617
20211108,59526,20,14:30:02,14:44:59,150.525,150.64,150.51,150.655,686949
20211108,59526,21,14:45:01,14:59:59,150.6399,150.665,150.53,150.675,609583
20211108,59526,22,15:00:00,15:14:58,150.665,150.58,150.47,150.665,620531
20211108,59526,23,15:15:01,15:29:59,150.57,150.475,150.42,150.6,728270
20211108,59526,24,15:30:00,15:44:59,150.48,150.38,150.34,150.63,1099777
20211108,59526,25,15:45:00,16:00:00,150.38,150.44,150.31,150.57,6128075
20211109,59527,0,9:30:00,9:44:59,150.2,151.255,150.07,151.38,4698428
20211109,59527,1,9:45:00,9:59:59,151.26,150.96,150.71,151.428,3689666
20211109,59527,2,10:00:00,10:14:59,150.95,150.2414,150.15,150.96,2269748
20211109,59527,3,10:15:00,10:29:59,150.23,150.63,150.17,150.94,2119396
20211109,59527,4,10:30:00,10:44:59,150.63,151.07,150.58,151.2,1635490
20211109,59527,5,10:45:00,10:59:58,151.07,150.865,150.78,151.08,1293841
20211109,59527,6,11:00:00,11:14:59,150.87,150.875,150.64,151.17,1228890
20211109,59527,7,11:15:00,11:29:59,150.875,150.61,150.575,150.98,1031398
20211109,59527,8,11:30:00,11:44:59,150.615,151.055,150.61,151.069,989090
20211109,59527,9,11:45:00,11:59:59,151.05,150.8784,150.738,151.06,921168
20211109,59527,10,12:00:00,12:14:59,150.875,150.75,150.5,150.89,1361822
20211109,59527,11,12:15:00,12:29:59,150.76,150.7,150.59,150.82,936456
20211109,59527,12,12:30:00,12:44:59,150.7,151.0213,150.645,151.04,1082354
20211109,59527,13,12:45:00,12:59:59,151.0389,151.0101,150.99,151.24,1077880
20211109,59527,14,13:00:00,13:14:59,151.015,151.03,151,151.15,758356
20211109,59527,15,13:15:01,13:29:59,151.03,151.005,150.955,151.22,749687
20211109,59527,16,13:30:00,13:44:58,151.01,150.97,150.9,151.145,638045
20211109,59527,17,13:45:00,13:59:59,150.97,150.71,150.545,151.04,1076152
20211109,59527,18,14:00:00,14:14:58,150.7,150.705,150.615,150.83,943337
20211109,59527,19,14:15:00,14:29:59,150.705,150.7,150.62,150.8299,802715
20211109,59527,20,14:30:00,14:44:59,150.7,150.88,150.66,150.95,818355
20211109,59527,21,14:45:00,14:59:59,150.89,150.825,150.781,150.98,747722
20211109,59527,22,15:00:00,15:14:59,150.82,150.7,150.65,150.9,840715
20211109,59527,23,15:15:02,15:29:59,150.7,150.67,150.625,150.78,944218
20211109,59527,24,15:30:00,15:44:59,150.67,150.89,150.645,151.025,1317476
20211109,59527,25,15:45:00,15:59:59,150.8821,150.83,150.68,151.13,2746871
20211110,59528,0,9:30:00,9:44:59,150.02,148.77,147.95,150.13,7939288
20211110,59528,1,9:45:00,9:59:59,148.76,149.02,148.19,149.27,3350405
20211110,59528,2,10:00:00,10:14:58,149.03,149.35,148.85,149.4,2079800
20211110,59528,3,10:15:00,10:29:59,149.3511,149.01,148.96,149.61,1786078
20211110,59528,4,10:30:00,10:44:59,149.015,148.825,148.72,149.18,1689561
20211110,59528,5,10:45:00,10:59:59,148.825,148.97,148.825,149.11,1051442
20211110,59528,6,11:00:00,11:14:58,148.975,148.93,148.79,149.0777,1091881
20211110,59528,7,11:15:00,11:29:59,148.92,148.86,148.7501,148.99,1009127
20211110,59528,8,11:30:00,11:44:59,148.865,148.7431,148.68,148.945,1034176
20211110,59528,9,11:45:00,11:59:59,148.745,149.07,148.73,149.08,841551
20211110,59528,10,12:00:00,12:14:59,149.07,149.0797,149.01,149.19,910225
20211110,59528,11,12:15:00,12:29:59,149.08,148.98,148.94,149.1,647132
20211110,59528,12,12:30:00,12:44:59,148.98,148.8775,148.82,149.08,650214
20211110,59528,13,12:45:00,12:59:59,148.88,149.18,148.795,149.18,877184
20211110,59528,14,13:00:00,13:14:58,149.17,148.57,148.56,149.18,1607914
20211110,59528,15,13:15:00,13:29:59,148.57,148.827,148.525,148.91,1126035
20211110,59528,16,13:30:00,13:44:56,148.8286,148.6408,148.59,148.9,787787
20211110,59528,17,13:45:00,13:59:59,148.65,148.505,148.33,148.67,1363353
20211110,59528,18,14:00:00,14:14:59,148.5,148.315,148.3,148.53,1116822
20211110,59528,19,14:15:00,14:29:59,148.3139,148.1799,148.17,148.5,1334949
20211110,59528,20,14:30:00,14:44:59,148.18,147.96,147.933,148.36,1967916
20211110,59528,21,14:45:00,14:59:59,147.97,148.15,147.965,148.37,1498273
20211110,59528,22,15:00:00,15:14:59,148.16,148.05,147.98,148.23,1384185
20211110,59528,23,15:15:01,15:29:59,148.04,148.055,148,148.25,1586278
20211110,59528,24,15:30:00,15:44:59,148.055,147.96,147.95,148.2975,1970910
20211110,59528,25,15:45:00,16:00:00,147.96,147.92,147.85,148.25,10024906
20211111,59529,0,9:30:00,9:44:59,148.96,148.22,148.17,149.43,3530577
20211111,59529,1,9:45:00,9:59:59,148.22,148.67,148.15,148.82,1876775
20211111,59529,2,10:00:00,10:14:59,148.68,148.32,148.17,148.68,1466724
20211111,59529,3,10:15:00,10:29:58,148.3227,148.43,148.21,148.47,1243698
20211111,59529,4,10:30:00,10:44:59,148.43,148.61,148.26,148.66,1463184
20211111,59529,5,10:45:00,10:59:59,148.61,148.375,148.36,148.65,957434
20211111,59529,6,11:00:01,11:14:58,148.38,148.225,148.16,148.46,925056
20211111,59529,7,11:15:00,11:29:59,148.22,148.329,148.16,148.375,927040
20211111,59529,8,11:30:00,11:44:58,148.3213,148.4933,148.27,148.57,1072801
20211111,59529,9,11:45:00,11:59:59,148.5,148.263,148.23,148.5,774115
20211111,59529,10,12:00:01,12:14:59,148.2689,147.995,147.97,148.31,1116402
20211111,59529,11,12:15:00,12:29:59,148,148.02,147.87,148.1,900873
20211111,59529,12,12:30:00,12:44:59,148.02,148.0882,147.98,148.12,698680
20211111,59529,13,12:45:00,12:59:57,148.08,147.98,147.9,148.0977,671965
20211111,59529,14,13:00:01,13:14:59,147.975,147.805,147.681,147.9752,928142
20211111,59529,15,13:15:01,13:29:59,147.805,147.79,147.69,147.9,815117
20211111,59529,16,13:30:00,13:44:59,147.78,147.82,147.705,147.84,691104
20211111,59529,17,13:45:00,13:59:59,147.8202,147.845,147.77,147.86,506808
20211111,59529,18,14:00:00,14:14:59,147.845,148.02,147.805,148.03,830011
20211111,59529,19,14:15:01,14:29:58,148.03,147.935,147.92,148.08,649160
20211111,59529,20,14:30:04,14:44:59,147.9362,148.209,147.9301,148.3,984984
20211111,59529,21,14:45:00,14:59:58,148.2069,148.0601,148.06,148.3,853148
20211111,59529,22,15:00:00,15:14:59,148.06,147.92,147.82,148.12,1068488
20211111,59529,23,15:15:00,15:29:59,147.92,147.99,147.91,148.04,713251
20211111,59529,24,15:30:00,15:44:59,147.995,147.965,147.91,148.065,787629
20211111,59529,25,15:45:00,16:00:00,147.96,147.87,147.76,148.15,5777271
20211112,59530,0,9:30:00,9:44:59,148.43,147.64,147.48,148.5,3347510
20211112,59530,1,9:45:00,9:59:59,147.645,147.98,147.52,148.14,2011142
20211112,59530,2,10:00:00,10:14:59,147.99,147.8774,147.77,148.2,1574964
20211112,59530,3,10:15:00,10:29:59,147.875,148.25,147.78,148.355,1668694
20211112,59530,4,10:30:00,10:44:59,148.26,148.525,148.12,148.56,1391534
20211112,59530,5,10:45:00,10:59:59,148.529,148.57,148.46,148.7779,1577034
20211112,59530,6,11:00:00,11:14:59,148.57,149.08,148.52,149.11,2229029
20211112,59530,7,11:15:00,11:29:59,149.0701,149.945,149.07,150.055,4520559
20211112,59530,8,11:30:00,11:44:59,149.95,149.84,149.78,150.09,1833905
20211112,59530,9,11:45:00,11:59:59,149.83,149.8,149.655,150.01,1783394
20211112,59530,10,12:00:00,12:14:59,149.805,149.72,149.61,149.88,1164421
20211112,59530,11,12:15:00,12:29:58,149.72,149.7901,149.625,149.855,864920
20211112,59530,12,12:30:00,12:44:59,149.79,149.724,149.7,149.83,657780
20211112,59530,13,12:45:00,12:59:58,149.72,149.575,149.55,149.83,1079550
20211112,59530,14,13:00:00,13:14:58,149.575,149.585,149.292,149.62,1264570
20211112,59530,15,13:15:00,13:29:59,149.585,149.69,149.5,149.7699,809585
20211112,59530,16,13:30:00,13:44:59,149.7,149.88,149.675,149.96,1019426
20211112,59530,17,13:45:00,13:59:59,149.8745,149.94,149.74,149.94,1022962
20211112,59530,18,14:00:00,14:14:59,149.935,149.97,149.78,149.98,894112
20211112,59530,19,14:15:00,14:29:59,149.975,149.76,149.75,150.03,1057055
20211112,59530,20,14:30:00,14:44:58,149.76,149.8782,149.74,149.91,719567
20211112,59530,21,14:45:00,14:59:59,149.88,149.9,149.86,150.02,811059
20211112,59530,22,15:00:00,15:14:59,149.9,150.04,149.75,150.05,1169722
20211112,59530,23,15:15:00,15:29:59,150.04,150.175,149.9611,150.19,1415694
20211112,59530,24,15:30:00,15:44:59,150.18,150,150,150.4,2034807
20211112,59530,25,15:45:00,16:00:00,150,149.99,149.845,150.07,7940402
20211115,59533,0,9:30:00,9:44:59,150.37,151.4392,150.29,151.88,5520888
20211115,59533,1,9:45:00,9:59:59,151.43,150.955,150.89,151.65,2850115
20211115,59533,2,10:00:00,10:14:59,150.96,150.49,150.47,151.01,1793856
20211115,59533,3,10:15:00,10:29:59,150.4977,150.4409,150.25,150.54,1833684
20211115,59533,4,10:30:00,10:44:59,150.44,150.43,150.32,150.92,1916583
20211115,59533,5,10:45:00,10:59:59,150.43,150.33,150.291,150.51,1227648
20211115,59533,6,11:00:01,11:14:56,150.32,150.315,150.21,150.53,1231208
20211115,59533,7,11:15:02,11:29:58,150.32,150.06,149.955,150.41,1226382
20211115,59533,8,11:30:00,11:44:59,150.0501,149.54,149.47,150.3,1719737
20211115,59533,9,11:45:00,11:59:59,149.53,149.7799,149.43,149.82,1369339
20211115,59533,10,12:00:00,12:14:58,149.77,149.93,149.67,150,866774
20211115,59533,11,12:15:00,12:29:59,149.92,149.6699,149.54,149.96,987945
20211115,59533,12,12:30:00,12:44:59,149.6667,150.195,149.655,150.2361,1043202
20211115,59533,13,12:45:00,12:59:57,150.1948,150.04,149.972,150.195,649352
20211115,59533,14,13:00:00,13:14:59,150.04,150.03,149.93,150.14,596193
20211115,59533,15,13:15:00,13:29:58,150.03,150.03,149.91,150.13,747743
20211115,59533,16,13:30:00,13:44:59,150.03,149.97,149.89,150.13,727701
20211115,59533,17,13:45:00,13:59:57,149.97,149.915,149.9,150.13,638906
20211115,59533,18,14:00:00,14:14:59,149.92,149.92,149.76,149.96,792909
20211115,59533,19,14:15:00,14:29:57,149.92,149.875,149.8,149.935,604804
20211115,59533,20,14:30:01,14:44:59,149.875,150.1,149.83,150.13,667292
20211115,59533,21,14:45:00,14:59:57,150.09,149.995,149.95,150.205,748499
20211115,59533,22,15:00:00,15:14:59,149.99,149.98,149.9,150.01,742051
20211115,59533,23,15:15:00,15:29:59,149.97,150.2201,149.965,150.25,1558970
20211115,59533,24,15:30:00,15:44:59,150.23,149.9,149.85,150.26,1243751
20211115,59533,25,15:45:00,16:00:00,149.9,150,149.75,150,8921465
20211116,59534,0,9:30:00,9:44:59,149.94,150.1698,149.6,150.39,3788811
20211116,59534,1,9:45:00,9:59:59,150.18,149.845,149.68,150.19,2310500
20211116,59534,2,10:00:00,10:14:59,149.84,149.58,149.53,149.9,1663768
20211116,59534,3,10:15:00,10:29:59,149.58,149.37,149.34,149.75,1533638
20211116,59534,4,10:30:00,10:44:59,149.37,149.61,149.3427,149.67,955064
20211116,59534,5,10:45:00,10:59:59,149.615,149.68,149.46,149.8177,1013531
20211116,59534,6,11:00:00,11:14:59,149.675,150.45,149.6627,150.48,1922541
20211116,59534,7,11:15:00,11:29:59,150.4512,151.085,150.45,151.285,2961212
20211116,59534,8,11:30:00,11:44:59,151.09,151.015,150.99,151.37,2434145
20211116,59534,9,11:45:00,11:59:59,151.02,151.17,150.89,151.2181,1425613
20211116,59534,10,12:00:00,12:14:59,151.18,151.345,151.1,151.3699,1155488
20211116,59534,11,12:15:00,12:29:59,151.35,151.13,151.08,151.488,1469454
20211116,59534,12,12:30:00,12:44:58,151.1274,151.155,151.06,151.365,938673
20211116,59534,13,12:45:00,12:59:59,151.15,151.155,151.1,151.25,664890
20211116,59534,14,13:00:01,13:14:59,151.14,151.07,151.03,151.275,781303
20211116,59534,15,13:15:00,13:29:57,151.07,151.0675,151,151.17,712282
20211116,59534,16,13:30:00,13:44:59,151.065,151.225,151.05,151.25,951667
20211116,59534,17,13:45:00,13:59:59,151.235,151.385,151.21,151.47,1187457
20211116,59534,18,14:00:02,14:14:59,151.39,151.375,151.3,151.47,842082
20211116,59534,19,14:15:00,14:29:59,151.375,151.141,151.06,151.38,940099
20211116,59534,20,14:30:00,14:44:59,151.15,150.97,150.94,151.2,792326
20211116,59534,21,14:45:00,14:59:58,150.97,151.03,150.97,151.14,843557
20211116,59534,22,15:00:00,15:14:59,151.03,151.02,150.805,151.1,870738
20211116,59534,23,15:15:00,15:29:59,151.01,151.0495,150.88,151.09,913933
20211116,59534,24,15:30:00,15:44:59,151.04,151.12,151.025,151.247,1511742
20211116,59534,25,15:45:00,16:00:00,151.11,151,150.92,151.25,10101066
20211117,59535,0,9:30:00,9:44:59,150.995,152.64,150.99,152.66,6156235
20211117,59535,1,9:45:00,9:59:59,152.64,152.07,151.63,152.78,4024124
20211117,59535,2,10:00:00,10:14:59,152.08,152.52,152.0545,152.705,3184348
20211117,59535,3,10:15:00,10:29:59,152.51,152.51,152.2,152.78,3222471
20211117,59535,4,10:30:00,10:44:58,152.52,152.41,152.2,152.55,1334705
20211117,59535,5,10:45:00,10:59:59,152.41,152.6187,152.3491,152.63,1394611
20211117,59535,6,11:00:00,11:14:59,152.62,153.7884,152.605,153.935,5496829
20211117,59535,7,11:15:00,11:29:59,153.78,154.3729,153.77,154.485,4588319
20211117,59535,8,11:30:00,11:44:59,154.37,154.6279,154.19,154.74,3402190
20211117,59535,9,11:45:00,11:59:59,154.625,154.985,154.45,155,3011372
20211117,59535,10,12:00:00,12:14:59,154.985,154.43,154.3,155,3167169
20211117,59535,11,12:15:00,12:29:59,154.435,154.105,153.77,154.44,2844928
20211117,59535,12,12:30:00,12:44:59,154.11,154.52,154.1,154.7194,2035768
20211117,59535,13,12:45:00,12:59:59,154.515,154.005,153.795,154.515,1735814
20211117,59535,14,13:00:00,13:14:58,154.01,153.9,153.735,154.225,1595025
20211117,59535,15,13:15:00,13:29:59,153.8975,154.36,153.851,154.42,1508758
20211117,59535,16,13:30:00,13:44:59,154.36,154.431,154.26,154.53,1454782
20211117,59535,17,13:45:00,13:59:59,154.4341,154.295,154.25,154.545,1130971
20211117,59535,18,14:00:00,14:14:58,154.295,154.4692,154.27,154.545,1381741
20211117,59535,19,14:15:00,14:29:58,154.46,154.19,154.02,154.48,1267562
20211117,59535,20,14:30:01,14:44:59,154.181,153.895,153.85,154.181,1155692
20211117,59535,21,14:45:00,14:59:59,153.88,154.11,153.78,154.1199,1236694
20211117,59535,22,15:00:00,15:14:59,154.105,153.99,153.65,154.11,1636503
20211117,59535,23,15:15:00,15:29:59,153.99,153.9,153.775,154.18,1781755
20211117,59535,24,15:30:00,15:44:59,153.89,153.957,153.87,154.0682,1415820
20211117,59535,25,15:45:00,16:00:00,153.955,153.49,153.34,154.27,11860596
20211118,59536,0,9:30:00,9:44:59,153.71,153.85,153.05,154,5176200
20211118,59536,1,9:45:00,9:59:59,153.86,154.4199,153.79,154.615,3706391
20211118,59536,2,10:00:00,10:14:59,154.415,154.18,153.73,154.58,2966649
20211118,59536,3,10:15:00,10:29:59,154.17,154.17,153.56,154.46,2759034
20211118,59536,4,10:30:00,10:44:59,154.175,154.07,153.98,154.49,2238896
20211118,59536,5,10:45:00,10:59:59,154.0689,154.16,154.02,154.38,1802981
20211118,59536,6,11:00:00,11:14:59,154.15,154.255,153.88,154.36,1581521
20211118,59536,7,11:15:00,11:29:59,154.26,154.07,154.07,154.44,1135859
20211118,59536,8,11:30:00,11:44:59,154.07,154.67,154.06,154.78,2758912
20211118,59536,9,11:45:00,11:59:59,154.6799,154.63,154.58,154.87,1730878
20211118,59536,10,12:00:00,12:14:58,154.63,154.95,154.54,154.96,1562416
20211118,59536,11,12:15:00,12:29:59,154.9448,156.4991,154.715,156.54,7114577
20211118,59536,12,12:30:00,12:44:59,156.505,157.38,155.975,157.87,14472654
20211118,59536,13,12:45:00,12:59:59,157.38,157.215,156.66,157.75,6806651
20211118,59536,14,13:00:00,13:14:59,157.215,157.525,156.7,157.57,3982787
20211118,59536,15,13:15:00,13:29:59,157.525,157.435,157.15,157.75,3379683
20211118,59536,16,13:30:00,13:44:59,157.43,157.43,157.28,157.63,2167970
20211118,59536,17,13:45:01,13:59:59,157.425,157.5012,157.34,157.77,2811125
20211118,59536,18,14:00:00,14:14:59,157.5,158.3201,157.3904,158.4,5392013
20211118,59536,19,14:15:00,14:29:59,158.325,157.9367,157.85,158.325,3525467
20211118,59536,20,14:30:00,14:44:59,157.931,157.485,157.37,158,2716412
20211118,59536,21,14:45:00,14:59:59,157.48,157.64,157.47,157.83,1878567
20211118,59536,22,15:00:00,15:14:59,157.64,157.825,157.6,157.98,1875225
20211118,59536,23,15:15:00,15:29:59,157.825,157.9085,157.61,157.96,1887718
20211118,59536,24,15:30:00,15:44:59,157.905,158.26,157.835,158.5,4327150
20211118,59536,25,15:45:00,16:00:00,158.25,157.89,157.7,158.67,9853164
20211119,59537,0,9:30:00,9:44:59,157.65,157.89,156.5328,158.2663,11946950
20211119,59537,1,9:45:00,9:59:59,157.91,158.945,157.34,159.02,5415133
20211119,59537,2,10:00:00,10:14:59,158.945,158.4688,158.25,159,4440430
20211119,59537,3,10:15:00,10:29:59,158.47,158.16,158.07,158.8465,3341279
20211119,59537,4,10:30:00,10:44:59,158.155,159.0092,158.15,159.14,2887901
20211119,59537,5,10:45:00,10:59:59,159.0099,158.985,158.7,159.19,2829993
20211119,59537,6,11:00:00,11:14:59,158.99,159.7699,158.86,159.93,4534237
20211119,59537,7,11:15:00,11:29:59,159.765,159.8498,159.57,159.955,3356717
20211119,59537,8,11:30:00,11:44:59,159.85,159.75,159.5401,160,3173277
20211119,59537,9,11:45:00,11:59:59,159.75,159.87,159.59,160.17,4492729
20211119,59537,10,12:00:00,12:14:59,159.86,160.0899,159.69,160.15,2493893
20211119,59537,11,12:15:00,12:29:58,160.085,159.925,159.795,160.11,1858162
20211119,59537,12,12:30:01,12:44:59,159.9268,159.825,159.7,159.97,2004101
20211119,59537,13,12:45:00,12:59:59,159.83,160.2866,159.82,160.35,3001633
20211119,59537,14,13:00:00,13:14:59,160.285,160.1355,159.9801,160.55,3066665
20211119,59537,15,13:15:00,13:29:59,160.13,159.955,159.93,160.32,2610192
20211119,59537,16,13:30:00,13:44:57,159.955,160.0273,159.77,160.2799,2183744
20211119,59537,17,13:45:00,13:59:59,160.03,160.69,159.96,160.72,2861214
20211119,59537,18,14:00:00,14:14:59,160.7,160.63,160.34,160.75,2679777
20211119,59537,19,14:15:00,14:29:59,160.64,160.7149,160.5334,160.84,2322920
20211119,59537,20,14:30:00,14:44:59,160.715,160.62,160.511,160.77,2130556
20211119,59537,21,14:45:00,14:59:59,160.615,160.515,160.3,160.62,1914545
20211119,59537,22,15:00:00,15:14:59,160.515,160.2,160.16,160.62,2354179
20211119,59537,23,15:15:00,15:29:59,160.2,160.49,160.1,160.5,2176118
20211119,59537,24,15:30:00,15:44:59,160.48,160.895,160.435,161.02,4263753
20211119,59537,25,15:45:00,16:00:00,160.895,160.55,160.24,160.92,11901613
20211122,59540,0,9:30:00,9:44:59,161.68,163.69,161.63,163.69,9483722
20211122,59540,1,9:45:00,9:59:59,163.69,164.69,163.22,164.78,7465081
20211122,59540,2,10:00:00,10:14:59,164.67,165.26,164.64,165.34,9259038
20211122,59540,3,10:15:00,10:29:59,165.26,165.3025,165.175,165.7,5691316
20211122,59540,4,10:30:00,10:44:59,165.31,164.755,164.52,165.59,4854650
20211122,59540,5,10:45:00,10:59:59,164.755,164.7425,164.63,165.4,3857084
20211122,59540,6,11:00:00,11:14:59,164.7,164.47,163.97,164.75,4125323
20211122,59540,7,11:15:00,11:29:59,164.48,164.435,164.36,164.89,3201536
20211122,59540,8,11:30:00,11:44:59,164.4221,164.99,164.42,165.05,3237571
20211122,59540,9,11:45:00,11:59:59,164.985,163.54,163.04,165.22,5102372
20211122,59540,10,12:00:00,12:14:59,163.5201,163.6002,163.38,164,3533393
20211122,59540,11,12:15:00,12:29:59,163.6,163.385,163.04,163.87,2605614
20211122,59540,12,12:30:00,12:44:59,163.385,164.21,163.33,164.22,2774419
20211122,59540,13,12:45:00,12:59:59,164.21,163.945,163.81,164.38,2075514
20211122,59540,14,13:00:00,13:14:59,163.945,163.667,163.52,163.98,1762983
20211122,59540,15,13:15:00,13:29:59,163.67,163.3646,163.33,163.81,1532564
20211122,59540,16,13:30:00,13:44:59,163.37,163.535,163.34,163.72,1309881
20211122,59540,17,13:45:00,13:59:59,163.53,163.68,163.5107,163.84,1316453
20211122,59540,18,14:00:00,14:14:59,163.69,164.2199,163.6,164.24,1698443
20211122,59540,19,14:15:00,14:29:59,164.22,164.005,163.89,164.28,1562367
20211122,59540,20,14:30:00,14:44:59,164.01,164.045,163.981,164.2,1195100
20211122,59540,21,14:45:00,14:59:59,164.047,163.7989,163.68,164.0575,1490924
20211122,59540,22,15:00:00,15:14:59,163.8,163.6574,163.64,164,1542013
20211122,59540,23,15:15:00,15:29:59,163.655,163.5614,163.455,163.85,1582854
20211122,59540,24,15:30:00,15:44:59,163.565,162.57,162.56,163.565,3031913
20211122,59540,25,15:45:00,16:00:00,162.5756,161.02,161,162.74,12879421
20211123,59541,0,9:30:00,9:44:59,161.12,160.2,159.62,161.8,6940336
20211123,59541,1,9:45:00,9:59:59,160.19,160.735,160.06,161,3695165
20211123,59541,2,10:00:00,10:14:59,160.74,159.6,159.0601,160.86,4968709
20211123,59541,3,10:15:00,10:29:59,159.61,159.665,159.32,159.92,3233841
20211123,59541,4,10:30:00,10:44:58,159.66,160.08,159.545,160.28,3372728
20211123,59541,5,10:45:00,10:59:59,160.0701,159.96,159.68,160.58,2894335
20211123,59541,6,11:00:00,11:14:59,159.9544,160.26,159.72,160.38,2686183
20211123,59541,7,11:15:00,11:29:59,160.2538,160.26,159.85,160.49,2270028
20211123,59541,8,11:30:00,11:44:59,160.26,159.33,159.32,160.44,2863922
20211123,59541,9,11:45:00,11:59:59,159.335,159.82,159.23,160.17,2036145
20211123,59541,10,12:00:00,12:14:59,159.82,159.455,159.43,159.91,2266854
20211123,59541,11,12:15:00,12:29:59,159.455,160.2201,159.455,160.29,1971454
20211123,59541,12,12:30:00,12:44:59,160.22,160.03,159.9,160.61,2463875
20211123,59541,13,12:45:00,12:59:59,160.03,159.781,159.73,160.24,1729242
20211123,59541,14,13:00:00,13:14:59,159.78,159.78,159.6,160.11,1603750
20211123,59541,15,13:15:00,13:29:58,159.79,159.31,159.21,159.84,1653619
20211123,59541,16,13:30:00,13:44:59,159.3,159.24,159.08,159.4792,1912556
20211123,59541,17,13:45:00,13:59:59,159.235,160.015,159.23,160.0815,2461032
20211123,59541,18,14:00:00,14:14:59,160.02,160.13,159.8401,160.24,1902935
20211123,59541,19,14:15:00,14:29:59,160.12,160.045,159.83,160.17,1514008
20211123,59541,20,14:30:00,14:44:59,160.04,160.04,159.82,160.1899,1486453
20211123,59541,21,14:45:00,14:59:59,160.03,160.88,159.97,160.9,2601583
20211123,59541,22,15:00:00,15:14:59,160.89,161.03,160.535,161.1,2653594
20211123,59541,23,15:15:00,15:29:59,161.035,160.7201,160.67,161.17,2026660
20211123,59541,24,15:30:00,15:44:59,160.73,161.175,160.65,161.2271,2013895
20211123,59541,25,15:45:00,16:00:00,161.1737,161.41,160.94,161.69,11221968
20211124,59542,0,9:30:00,9:44:59,160.75,160.535,160.23,161.41,5287250
20211124,59542,1,9:45:00,9:59:59,160.53,159.9604,159.71,160.75,3656704
20211124,59542,2,10:00:00,10:14:59,159.96,160.07,159.64,160.55,3326813
20211124,59542,3,10:15:00,10:29:59,160.065,160.385,159.8199,160.54,2345580
20211124,59542,4,10:30:00,10:44:59,160.395,160.535,160.3,160.93,2778383
20211124,59542,5,10:45:00,10:59:59,160.5314,161.09,160.46,161.115,2237400
20211124,59542,6,11:00:00,11:14:59,161.08,161.13,160.7,161.17,1874939
20211124,59542,7,11:15:00,11:29:59,161.13,161.75,161.07,161.88,2622865
20211124,59542,8,11:30:00,11:44:58,161.76,161.6,161.46,161.98,2444533
20211124,59542,9,11:45:00,11:59:59,161.59,161.2623,161.24,161.73,1539244
20211124,59542,10,12:00:00,12:14:59,161.26,161.6,161.14,161.63,1542236
20211124,59542,11,12:15:00,12:29:59,161.59,161.1201,160.92,161.6,1445661
20211124,59542,12,12:30:00,12:44:59,161.12,161.35,161.06,161.38,1153484
20211124,59542,13,12:45:00,12:59:59,161.35,161.51,161.32,161.59,1338602
20211124,59542,14,13:00:00,13:14:58,161.5,161.345,161.18,161.74,1576900
20211124,59542,15,13:15:00,13:29:59,161.345,161.35,161.2149,161.5,1238597
20211124,59542,16,13:30:00,13:44:59,161.36,161.12,161.04,161.39,1201390
20211124,59542,17,13:45:00,13:59:59,161.11,160.9987,160.91,161.17,925811
20211124,59542,18,14:00:00,14:14:59,160.9901,160.6488,160.4905,161.298,2048903
20211124,59542,19,14:15:00,14:29:59,160.65,160.6915,160.6327,160.93,1464566
20211124,59542,20,14:30:00,14:44:59,160.69,160.9731,160.66,160.98,1036070
20211124,59542,21,14:45:00,14:59:59,160.9701,161,160.85,161.15,1304832
20211124,59542,22,15:00:00,15:14:59,161,161.2299,160.8,161.24,1213898
20211124,59542,23,15:15:00,15:29:59,161.22,161.3375,161.18,161.57,1776732
20211124,59542,24,15:30:00,15:44:59,161.335,161.5,161.12,161.53,2014022
20211124,59542,25,15:45:00,16:00:00,161.505,161.94,161.395,162.14,8510281
20211126,59544,0,9:30:00,9:44:59,159.565,159.2727,159.26,160.45,6365037
20211126,59544,1,9:45:00,9:59:59,159.28,158.75,158.36,159.3,4984944
20211126,59544,2,10:00:00,10:14:59,158.74,158.1129,158.01,158.97,3644580
20211126,59544,3,10:15:00,10:29:59,158.1199,158.14,157.58,158.35,4202301
20211126,59544,4,10:30:00,10:44:59,158.15,157.895,157.74,158.24,2752847
20211126,59544,5,10:45:00,10:59:59,157.88,157.6101,157.43,157.99,3268149
20211126,59544,6,11:00:00,11:14:59,157.61,157.0587,156.9,157.615,3891114
20211126,59544,7,11:15:00,11:29:59,157.04,157.44,156.92,157.45,3189082
20211126,59544,8,11:30:00,11:44:59,157.43,157.96,157.24,158.04,2877432
20211126,59544,9,11:45:00,11:59:59,157.97,158.09,157.81,158.185,2645279
20211126,59544,10,12:00:00,12:14:59,158.09,157.72,157.625,158.225,2513771
20211126,59544,11,12:15:00,12:29:59,157.73,157.76,157.48,157.87,2446984
20211126,59544,12,12:30:00,12:44:59,157.75,157.425,157.39,157.88,3177714
20211126,59544,13,12:45:00,13:00:00,157.42,156.88,156.36,157.69,9944360
20211126,59544,14,13:00:00,13:15:00,,,,,
20211126,59544,15,13:15:00,13:30:00,,,,,
20211126,59544,16,13:30:00,13:45:00,,,,,
20211126,59544,17,13:45:00,14:00:00,,,,,
20211126,59544,18,14:00:00,14:15:00,,,,,
20211126,59544,19,14:15:00,14:30:00,,,,,
20211126,59544,20,14:30:00,14:45:00,,,,,
20211126,59544,21,14:45:00,15:00:00,,,,,
20211126,59544,22,15:00:00,15:15:00,,,,,
20211126,59544,23,15:15:00,15:30:00,,,,,
20211126,59544,24,15:30:00,15:45:00,,,,,
20211126,59544,25,15:45:00,16:00:00,,,,,
20211129,59547,0,9:30:00,9:44:59,159.37,160.17,159.08,160.25,7856602
20211129,59547,1,9:45:00,9:59:59,160.16,160.24,159.45,160.58,5122625
20211129,59547,2,10:00:00,10:14:59,160.23,159.94,159.8,160.53,3774541
20211129,59547,3,10:15:00,10:29:59,159.95,159.4099,159.33,160.12,3439235
20211129,59547,4,10:30:00,10:44:59,159.405,159.3701,158.91,159.49,2919984
20211129,59547,5,10:45:00,10:59:59,159.39,159.2,158.7901,159.54,2623759
20211129,59547,6,11:00:00,11:14:59,159.21,159.42,158.95,159.46,1996291
20211129,59547,7,11:15:00,11:29:59,159.43,159.52,159.28,159.72,1941131
20211129,59547,8,11:30:00,11:44:59,159.52,160.0986,159.45,160.13,2188228
20211129,59547,9,11:45:00,11:59:59,160.095,160.36,160.01,160.44,1804413
20211129,59547,10,12:00:00,12:14:59,160.3643,160.5842,160.19,160.7,2470610
20211129,59547,11,12:15:00,12:29:57,160.58,160.555,160.38,160.69,1771466
20211129,59547,12,12:30:00,12:44:59,160.555,160.83,160.38,160.86,1842696
20211129,59547,13,12:45:00,12:59:58,160.83,160.525,160.5,160.88,1660556
20211129,59547,14,13:00:00,13:14:59,160.53,160.53,160.45,160.71,1237389
20211129,59547,15,13:15:00,13:29:59,160.525,160.675,160.45,160.7,1288114
20211129,59547,16,13:30:00,13:44:59,160.6748,160.8099,160.62,160.92,1598799
20211129,59547,17,13:45:01,13:59:59,160.8,161.01,160.78,161.19,1581397
20211129,59547,18,14:00:00,14:14:59,161.01,160.87,160.79,161.11,1420259
20211129,59547,19,14:15:00,14:29:59,160.8612,160.485,160.4,160.96,1615081
20211129,59547,20,14:30:00,14:44:59,160.49,160.72,160.475,160.73,1447728
20211129,59547,21,14:45:00,14:59:59,160.7201,160.76,160.63,160.98,1456578
20211129,59547,22,15:00:00,15:14:58,160.76,160.725,160.49,160.85,1717761
20211129,59547,23,15:15:00,15:29:59,160.725,160.345,160.27,160.805,1587220
20211129,59547,24,15:30:00,15:44:59,160.33,160.26,160.105,160.35,1959014
20211129,59547,25,15:45:00,16:00:00,160.26,160.24,159.98,160.5,12774400
20211130,59548,0,9:30:00,9:44:59,159.985,160.75,159.92,160.79,5433522
20211130,59548,1,9:45:00,9:59:59,160.77,162.09,160.67,162.3,6235432
20211130,59548,2,10:00:00,10:14:59,162.1,163.42,162.0089,163.84,7634269
20211130,59548,3,10:15:00,10:29:59,163.43,164.06,163.395,164.22,6414060
20211130,59548,4,10:30:00,10:44:59,164.06,164.28,163.72,164.58,6180191
20211130,59548,5,10:45:00,10:59:59,164.29,162.15,162.15,164.32,7911816
20211130,59548,6,11:00:00,11:14:59,162.17,162.94,161.84,162.98,6569855
20211130,59548,7,11:15:00,11:29:59,162.93,163.1,162.5,163.44,4684169
20211130,59548,8,11:30:00,11:44:59,163.09,162.809,162.61,163.23,4203541
20211130,59548,9,11:45:00,11:59:59,162.8,162.53,162.02,163.1,4275718
20211130,59548,10,12:00:00,12:14:59,162.53,162.8204,162.035,163.42,4270922
20211130,59548,11,12:15:00,12:29:59,162.825,163.45,162.655,163.68,3671488
20211130,59548,12,12:30:00,12:44:59,163.45,164.07,163.065,164.24,3638089
20211130,59548,13,12:45:00,12:59:59,164.07,163.575,163.31,164.26,2970929
20211130,59548,14,13:00:00,13:14:59,163.59,163.335,163.21,163.77,2090180
20211130,59548,15,13:15:00,13:29:59,163.34,163.7589,163.13,163.79,2410147
20211130,59548,16,13:30:00,13:44:59,163.76,164.0101,163.7,164.3372,3336249
20211130,59548,17,13:45:00,13:59:59,164.015,164.34,163.66,164.37,2549821
20211130,59548,18,14:00:00,14:14:59,164.34,164.505,163.93,164.59,3405570
20211130,59548,19,14:15:00,14:29:59,164.51,164.5,164.47,164.92,3622561
20211130,59548,20,14:30:00,14:44:59,164.5,164.465,164.305,164.86,2958965
20211130,59548,21,14:45:00,14:59:59,164.47,164.235,164.03,164.575,3102773
20211130,59548,22,15:00:00,15:14:59,164.22,164.02,163.97,164.62,3348351
20211130,59548,23,15:15:00,15:29:59,164.0115,163.51,163.43,164.13,4267212
20211130,59548,24,15:30:00,15:44:59,163.5,164.095,163.35,164.15,4146189
20211130,59548,25,15:45:00,16:00:00,164.1,165.3,163.05,165.52,34231199
20211201,59549,0,9:30:00,9:44:59,167.48,167.64,166.04,167.73,9997906
20211201,59549,1,9:45:00,9:59:59,167.65,168.27,166.9001,168.29,7313535
20211201,59549,2,10:00:00,10:14:59,168.27,167.96,167.74,168.45,5497672
20211201,59549,3,10:15:00,10:29:59,167.95,167.62,167.1,168.2,4839951
20211201,59549,4,10:30:00,10:44:59,167.62,168.71,167.61,169.05,5053250
20211201,59549,5,10:45:00,10:59:59,168.7171,169.37,168.53,169.5,5623922
20211201,59549,6,11:00:00,11:14:59,169.37,169.885,169.12,169.99,4961508
20211201,59549,7,11:15:00,11:29:59,169.89,169.8448,169.71,170.2,5585044
20211201,59549,8,11:30:00,11:44:59,169.85,169.82,169.12,170,4451933
20211201,59549,9,11:45:00,11:59:59,169.83,169.2613,169.0799,170.01,3721270
20211201,59549,10,12:00:00,12:14:59,169.27,169.66,169.12,169.8279,2727497
20211201,59549,11,12:15:00,12:29:59,169.665,169.9,169.64,169.9699,2457967
20211201,59549,12,12:30:00,12:44:59,169.9,169.9487,169.61,170,2665322
20211201,59549,13,12:45:00,12:59:59,169.94,169.12,169.06,170.3,3909019
20211201,59549,14,13:00:00,13:14:59,169.13,168.8407,168.46,169.67,4294540
20211201,59549,15,13:15:00,13:29:59,168.85,169.3699,168.55,169.45,3178166
20211201,59549,16,13:30:00,13:44:59,169.355,168.635,168.41,169.355,2983420
20211201,59549,17,13:45:00,13:59:59,168.63,168.3836,167.38,168.63,4475173
20211201,59549,18,14:00:00,14:14:59,168.38,167.48,167.26,168.39,2829282
20211201,59549,19,14:15:00,14:29:59,167.4967,167.94,167.01,168.11,3360796
20211201,59549,20,14:30:00,14:44:59,167.93,167.5,167.35,168.21,2682342
20211201,59549,21,14:45:00,14:59:59,167.51,167.18,167.085,167.93,2234041
20211201,59549,22,15:00:00,15:14:59,167.17,166.103,165.71,167.4488,4513678
20211201,59549,23,15:15:00,15:29:59,166.1,165.57,164.77,166.1,5448330
20211201,59549,24,15:30:00,15:44:59,165.56,166.8299,165.25,166.89,5064302
20211201,59549,25,15:45:00,16:00:00,166.83,164.77,164.53,166.88,14654484
20211202,59550,0,9:30:00,9:44:59,158.735,159.9,157.8,160.92,14953011
20211202,59550,1,9:45:00,9:59:59,159.91,161.369,159.5924,161.63,7275531
20211202,59550,2,10:00:00,10:14:59,161.37,160.07,159.48,161.37,5526492
20211202,59550,3,10:15:00,10:29:59,160.07,160.1401,159.48,160.4,4499738
20211202,59550,4,10:30:00,10:44:59,160.15,159.1882,159.14,160.43,3783300
20211202,59550,5,10:45:00,10:59:59,159.19,160.4901,159.03,160.7399,4416886
20211202,59550,6,11:00:00,11:14:59,160.49,161.17,160.21,161.45,4251349
20211202,59550,7,11:15:00,11:29:59,161.18,161.965,161.15,162.13,4360402
20211202,59550,8,11:30:00,11:44:59,161.97,161.48,160.95,162.0599,3965099
20211202,59550,9,11:45:00,11:59:59,161.4799,162.375,161.22,162.48,3279218
20211202,59550,10,12:00:00,12:14:59,162.37,162.6999,162.0801,162.72,3214100
20211202,59550,11,12:15:00,12:29:59,162.7,163.43,162.56,163.7,4114790
20211202,59550,12,12:30:00,12:44:59,163.425,163.15,162.68,163.51,3286301
20211202,59550,13,12:45:00,12:59:59,163.16,163.09,162.77,163.65,3279537
20211202,59550,14,13:00:00,13:14:59,163.11,163.46,162.56,163.46,2982922
20211202,59550,15,13:15:00,13:29:59,163.47,162.84,162.69,163.54,2451493
20211202,59550,16,13:30:00,13:44:59,162.85,162.96,162.73,163.24,1854929
20211202,59550,17,13:45:00,13:59:59,162.97,163.4198,162.54,163.45,2306514
20211202,59550,18,14:00:00,14:14:59,163.42,163.4862,163.22,163.8,3031533
20211202,59550,19,14:15:00,14:29:59,163.47,163.78,163.38,163.98,2909451
20211202,59550,20,14:30:00,14:44:59,163.77,163.59,163.51,163.9699,2233606
20211202,59550,21,14:45:00,14:59:59,163.575,163.42,162.93,163.61,2401914
20211202,59550,22,15:00:00,15:14:59,163.42,163.56,163.31,163.89,2618759
20211202,59550,23,15:15:00,15:29:59,163.56,163.46,163.35,163.73,1850873
20211202,59550,24,15:30:00,15:44:59,163.45,163.9301,163.43,164.2,3075995
20211202,59550,25,15:45:00,16:00:00,163.93,163.76,163.13,163.99,14427228
20211203,59551,0,9:30:00,9:44:59,164.02,163.9,163.41,164.96,6744267
20211203,59551,1,9:45:00,9:59:59,163.89,163.3,162.77,164.67,5245554
20211203,59551,2,10:00:00,10:14:59,163.32,162.56,161.8,163.63,5072919
20211203,59551,3,10:15:00,10:29:59,162.54,163.685,162.46,163.88,4728000
20211203,59551,4,10:30:00,10:44:59,163.67,162.47,162.47,163.73,3580658
20211203,59551,5,10:45:00,10:59:59,162.48,162.803,162.27,163.36,3574551
20211203,59551,6,11:00:00,11:14:59,162.81,162.85,162.41,163.27,3284105
20211203,59551,7,11:15:00,11:29:59,162.82,162.43,161.6,162.94,3673213
20211203,59551,8,11:30:00,11:44:59,162.425,161.235,160.95,162.6,4301609
20211203,59551,9,11:45:00,11:59:59,161.23,161.025,160.795,161.64,3375261
20211203,59551,10,12:00:00,12:14:59,161.01,160.77,160.51,161.1099,3094205
20211203,59551,11,12:15:00,12:29:59,160.75,161.44,160.69,161.515,2788385
20211203,59551,12,12:30:00,12:44:59,161.44,162.0726,161.01,162.12,2627386
20211203,59551,13,12:45:00,12:59:59,162.085,161.59,161.47,162.41,2118706
20211203,59551,14,13:00:00,13:14:59,161.57,160.8882,160.81,161.58,2360028
20211203,59551,15,13:15:00,13:29:59,160.89,160.85,160.75,161.3873,1704557
20211203,59551,16,13:30:00,13:44:59,160.84,160.485,159.94,160.85,3203579
20211203,59551,17,13:45:00,13:59:59,160.48,159.92,159.77,160.52,2963175
20211203,59551,18,14:00:00,14:14:59,159.92,160.16,159.77,160.44,2433119
20211203,59551,19,14:15:00,14:29:59,160.15,160.48,159.75,160.72,2547731
20211203,59551,20,14:30:00,14:44:59,160.48,160.5,159.895,160.6,2119390
20211203,59551,21,14:45:00,14:59:59,160.51,160.075,160,160.58,1725752
20211203,59551,22,15:00:00,15:14:59,160.07,160.11,159.72,160.59,2759684
20211203,59551,23,15:15:00,15:29:59,160.1,160.38,159.88,160.68,2684264
20211203,59551,24,15:30:00,15:44:59,160.37,160.44,160.3,160.95,3300599
20211203,59551,25,15:45:00,16:00:00,160.43,161.85,160.25,162.18,6848092
20211206,59554,0,9:30:00,9:44:59,164.29,166.68,164.28,167.11,12574448
20211206,59554,1,9:45:00,9:59:59,166.68,167.12,165.74,167.16,6800890
20211206,59554,2,10:00:00,10:14:59,167.1,167.09,166.65,167.8799,7238277
20211206,59554,3,10:15:00,10:29:59,167.11,165.94,165.75,167.64,6000453
20211206,59554,4,10:30:00,10:44:59,165.93,165.73,165.6,166.65,3655323
20211206,59554,5,10:45:00,10:59:59,165.73,165.9999,165.28,166.03,2608524
20211206,59554,6,11:00:00,11:14:59,165.99,165,164.98,166.05,2524988
20211206,59554,7,11:15:00,11:29:59,165,165.26,164.9028,165.48,2187255
20211206,59554,8,11:30:00,11:44:59,165.27,166.2104,165.07,166.24,2145468
20211206,59554,9,11:45:00,11:59:59,166.215,165.61,165.56,166.2299,1916968
20211206,59554,10,12:00:00,12:14:59,165.61,166.11,165.6,166.1602,1559361
20211206,59554,11,12:15:00,12:29:59,166.105,166.25,165.93,166.38,1549592
20211206,59554,12,12:30:00,12:44:58,166.25,165.8899,165.82,166.44,1321624
20211206,59554,13,12:45:00,12:59:59,165.885,166.2899,165.885,166.34,1329827
20211206,59554,14,13:00:00,13:14:59,166.3,165.88,165.847,166.4188,1244960
20211206,59554,15,13:15:00,13:29:59,165.89,166.27,165.57,166.42,1735057
20211206,59554,16,13:30:00,13:44:59,166.28,165.835,165.82,166.33,1381061
20211206,59554,17,13:45:00,13:59:59,165.84,166.195,165.77,166.195,1352101
20211206,59554,18,14:00:00,14:14:59,166.195,165.9898,165.9523,166.5,1582468
20211206,59554,19,14:15:00,14:29:59,165.98,165.7301,165.47,166.08,1756096
20211206,59554,20,14:30:00,14:44:59,165.7346,165.33,165.29,165.845,1250791
20211206,59554,21,14:45:00,14:59:59,165.339,165.55,165.33,165.7593,1498620
20211206,59554,22,15:00:00,15:14:57,165.54,165.57,165.3101,165.795,1504449
20211206,59554,23,15:15:00,15:29:59,165.57,165.3552,164.99,165.83,2214605
20211206,59554,24,15:30:00,15:44:59,165.355,165.58,165.2801,165.66,2176337
20211206,59554,25,15:45:00,15:59:59,165.57,165.29,165.05,165.61,5055025
20211207,59555,0,9:30:00,9:44:59,169.08,170.25,168.34,170.25,10607941
20211207,59555,1,9:45:00,9:59:59,170.25,170.1552,169.85,170.78,7478112
20211207,59555,2,10:00:00,10:14:59,170.15,170.802,169.97,170.95,4959584
20211207,59555,3,10:15:00,10:29:59,170.79,170.39,170.2506,170.89,4349972
20211207,59555,4,10:30:00,10:44:59,170.4,170.6409,170.28,170.77,2803244
20211207,59555,5,10:45:00,10:59:59,170.66,170.745,170.58,171.28,5103941
20211207,59555,6,11:00:00,11:14:59,170.74,170.765,170.7,171.225,3057232
20211207,59555,7,11:15:00,11:29:59,170.755,170.585,170.49,170.94,2412488
20211207,59555,8,11:30:00,11:44:59,170.5851,171.225,170.48,171.27,2954337
20211207,59555,9,11:45:00,11:59:59,171.225,171.0666,171.01,171.4773,3191680
20211207,59555,10,12:00:00,12:14:59,171.0711,171.165,170.81,171.17,2232822
20211207,59555,11,12:15:00,12:29:59,171.165,171.5125,171.1119,171.5767,2389398
20211207,59555,12,12:30:00,12:44:58,171.52,171.27,171.23,171.58,1811687
20211207,59555,13,12:45:03,12:59:59,171.265,171.11,170.91,171.31,1933219
20211207,59555,14,13:00:00,13:14:59,171.1,170.71,170.635,171.14,1735715
20211207,59555,15,13:15:00,13:29:59,170.71,170.86,170.705,171,1483777
20211207,59555,16,13:30:00,13:44:59,170.87,170.4331,170.36,170.915,2051524
20211207,59555,17,13:45:00,13:59:59,170.4314,170.45,170.321,170.6278,1827564
20211207,59555,18,14:00:00,14:14:59,170.44,169.9602,169.82,170.445,2664493
20211207,59555,19,14:15:00,14:29:59,169.965,169.9285,169.7,169.99,1755774
20211207,59555,20,14:30:00,14:44:59,169.93,169.8117,169.45,169.93,1897383
20211207,59555,21,14:45:00,14:59:59,169.8169,169.93,169.76,170.11,1995220
20211207,59555,22,15:00:00,15:14:59,169.93,169.99,169.8101,170.335,2301346
20211207,59555,23,15:15:00,15:29:59,169.98,170.11,169.94,170.2663,2017862
20211207,59555,24,15:30:00,15:44:59,170.105,170.2393,169.9124,170.41,2896477
20211207,59555,25,15:45:00,16:00:00,170.23,171.18,170,171.27,16970304
20211208,59556,0,9:30:00,9:44:59,172.125,172.4711,170.7,172.83,9387413
20211208,59556,1,9:45:00,9:59:59,172.48,172.7201,172.09,173.46,6751637
20211208,59556,2,10:00:00,10:14:59,172.68,173.86,172.57,174.04,6921438
20211208,59556,3,10:15:00,10:29:59,173.86,173.81,173.5,174.44,5419647
20211208,59556,4,10:30:00,10:44:59,173.82,174.01,173.755,174.26,3424838
20211208,59556,5,10:45:00,10:59:59,174.005,173.92,173.77,174.4465,4058371
20211208,59556,6,11:00:00,11:14:59,173.92,174.0601,173.27,174.19,3728787
20211208,59556,7,11:15:00,11:29:59,174.08,174.37,174.0021,174.74,3894536
20211208,59556,8,11:30:00,11:44:59,174.37,174.45,174.14,174.787,3665439
20211208,59556,9,11:45:00,11:59:59,174.46,174.8301,174.325,174.87,2466754
20211208,59556,10,12:00:00,12:14:59,174.83,174.1105,173.96,174.83,2640088
20211208,59556,11,12:15:00,12:29:59,174.11,173.94,173.75,174.24,1802251
20211208,59556,12,12:30:00,12:44:59,173.94,174.521,173.9333,174.61,2322363
20211208,59556,13,12:45:00,12:59:59,174.52,174.27,174.11,174.55,1473434
20211208,59556,14,13:00:00,13:14:59,174.28,174.15,174.035,174.4,1328297
20211208,59556,15,13:15:00,13:29:59,174.1524,174.27,174.11,174.35,908419
20211208,59556,16,13:30:01,13:44:59,174.265,174.7146,174.235,174.72,2263143
20211208,59556,17,13:45:00,13:59:59,174.715,174.54,174.47,174.82,1342161
20211208,59556,18,14:00:00,14:14:58,174.54,174.23,174.23,174.62,1229937
20211208,59556,19,14:15:00,14:29:59,174.24,175.71,174.0726,175.96,6048162
20211208,59556,20,14:30:00,14:44:59,175.7008,174.8994,174.65,175.92,3913855
20211208,59556,21,14:45:00,14:59:59,174.9,174.7754,174.43,174.91,1969102
20211208,59556,22,15:00:00,15:14:59,174.7729,174.15,174.12,174.875,2384885
20211208,59556,23,15:15:00,15:29:59,174.1501,174.35,174.05,174.535,2290699
20211208,59556,24,15:30:00,15:44:59,174.35,174.11,174.05,174.405,2343780
20211208,59556,25,15:45:00,16:00:00,174.11,175.08,174.1,175.28,13924461
20211209,59557,0,9:30:00,9:44:59,174.91,176.25,174.55,176.75,8799690
20211209,59557,1,9:45:00,9:59:59,176.255,176.11,176.04,176.74,5503177
20211209,59557,2,10:00:00,10:14:59,176.13,175.1934,174.77,176.18,6182121
20211209,59557,3,10:15:00,10:29:59,175.1928,174.04,173.92,175.39,4587992
20211209,59557,4,10:30:00,10:44:59,174.035,175.26,173.96,175.38,4470109
20211209,59557,5,10:45:00,10:59:59,175.26,175.92,175.18,176.2,4929146
20211209,59557,6,11:00:00,11:14:58,175.92,175.785,175.08,175.95,3737143
20211209,59557,7,11:15:00,11:29:59,175.79,175.5903,174.7901,175.7999,3557350
20211209,59557,8,11:30:00,11:44:59,175.5978,175.135,174.92,175.705,2314783
20211209,59557,9,11:45:00,11:59:59,175.13,174.7183,174.68,175.155,2123130
20211209,59557,10,12:00:00,12:14:59,174.725,175.1449,174.48,175.31,3171013
20211209,59557,11,12:15:00,12:29:59,175.145,175.115,174.89,175.239,2064680
20211209,59557,12,12:30:00,12:44:59,175.12,175.465,174.96,175.6,2152009
20211209,59557,13,12:45:00,12:59:59,175.465,175.5,175.35,175.815,2264128
20211209,59557,14,13:00:00,13:14:59,175.5,175.64,175.43,175.9,1915782
20211209,59557,15,13:15:00,13:29:59,175.6401,175.32,175.27,175.82,1706478
20211209,59557,16,13:30:00,13:44:59,175.32,175.455,175.31,175.9599,1935643
20211209,59557,17,13:45:00,13:59:59,175.455,175.645,175.1306,175.78,2055805
20211209,59557,18,14:00:00,14:14:59,175.65,175.41,175.29,175.7445,1537614
20211209,59557,19,14:15:00,14:29:59,175.43,175.7,175.4101,175.96,2234887
20211209,59557,20,14:30:00,14:44:59,175.69,175.48,175.3544,175.795,1788609
20211209,59557,21,14:45:00,14:59:59,175.48,175.36,175.16,175.58,1898612
20211209,59557,22,15:00:00,15:14:59,175.37,174.7834,174.7,175.7199,2953294
20211209,59557,23,15:15:00,15:29:59,174.78,174.94,174.57,175.02,2381896
20211209,59557,24,15:30:00,15:44:59,174.94,175.205,174.77,175.345,2892963
20211209,59557,25,15:45:00,16:00:00,175.21,174.61,174.19,175.31,6173217
20211210,59558,0,9:30:00,9:44:59,175.205,176.025,175.14,176.556,7839874
20211210,59558,1,9:45:00,9:59:59,176.02,175.18,174.69,176.3599,5652169
20211210,59558,2,10:00:00,10:14:59,175.18,176.23,175.09,176.4299,4990940
20211210,59558,3,10:15:00,10:29:59,176.2233,176.91,176.06,176.95,4638990
20211210,59558,4,10:30:00,10:44:59,176.911,176.42,176.13,176.99,3805143
20211210,59558,5,10:45:00,10:59:59,176.41,176.14,175.59,176.4499,3270058
20211210,59558,6,11:00:00,11:14:59,176.12,175.93,175.4,176.16,2994242
20211210,59558,7,11:15:00,11:29:59,175.91,176.305,175.79,176.37,2822099
20211210,59558,8,11:30:00,11:44:59,176.305,176.4301,175.7337,176.45,2359663
20211210,59558,9,11:45:00,11:59:59,176.42,176.7,176.4,176.74,2302484
20211210,59558,10,12:00:00,12:14:59,176.71,177.055,176.6,177.18,3352173
20211210,59558,11,12:15:00,12:29:59,177.06,176.95,176.77,177.18,2532420
20211210,59558,12,12:30:00,12:44:59,176.97,176.7157,176.64,177.14,1959752
20211210,59558,13,12:45:00,12:59:59,176.716,177.29,176.6782,177.32,2106485
20211210,59558,14,13:00:00,13:14:59,177.3,177.5599,177.045,177.59,3002097
20211210,59558,15,13:15:00,13:29:59,177.55,177.62,177.33,177.665,2257753
20211210,59558,16,13:30:00,13:44:59,177.6101,177.68,177.33,177.74,2177899
20211210,59558,17,13:45:00,13:59:59,177.68,177.6839,177.5416,177.8199,1921929
20211210,59558,18,14:00:00,14:14:59,177.6773,177.835,177.58,177.88,1698238
20211210,59558,19,14:15:01,14:29:59,177.8399,177.83,177.63,177.87,1766657
20211210,59558,20,14:30:00,14:44:59,177.835,177.7487,177.61,177.91,2335377
20211210,59558,21,14:45:00,14:59:59,177.74,177.84,177.642,177.89,2597097
20211210,59558,22,15:00:00,15:14:59,177.831,178.0001,177.67,178.2,4761401
20211210,59558,23,15:15:00,15:29:59,178.01,177.925,177.8702,178.2,2682387
20211210,59558,24,15:30:00,15:44:59,177.92,178.34,177.9038,178.41,3414372
20211210,59558,25,15:45:00,16:00:00,178.33,179.49,178.08,179.63,9641647
20211213,59561,0,9:30:00,9:44:59,181.115,179.8284,179.77,181.8,10711425
20211213,59561,1,9:45:00,9:59:59,179.82,180.95,179.76,181.34,7145842
20211213,59561,2,10:00:00,10:14:59,180.94,181.3626,180.72,182.13,8031024
20211213,59561,3,10:15:00,10:29:59,181.3798,178.9597,178.32,181.59,8489497
20211213,59561,4,10:30:00,10:44:59,178.945,178.8439,178.16,179.39,6988102
20211213,59561,5,10:45:00,10:59:59,178.8581,179.7801,178.73,180.17,5130093
20211213,59561,6,11:00:00,11:14:59,179.7925,178.9383,178.9029,180,3763093
20211213,59561,7,11:15:00,11:29:59,178.925,177.96,177.76,179.07,4742665
20211213,59561,8,11:30:00,11:44:59,177.95,177.45,177.11,178.07,4536040
20211213,59561,9,11:45:00,11:59:59,177.4503,177.8517,177.3,177.89,3323468
20211213,59561,10,12:00:00,12:14:59,177.84,178.41,177.74,178.57,4381354
20211213,59561,11,12:15:00,12:29:59,178.42,179.09,177.9193,179.13,3528674
20211213,59561,12,12:30:00,12:44:59,179.095,179.3801,179,179.41,3115990
20211213,59561,13,12:45:00,12:59:59,179.39,178.73,178.56,179.41,2445918
20211213,59561,14,13:00:00,13:14:59,178.73,178.3827,178.32,179.15,2477502
20211213,59561,15,13:15:00,13:29:59,178.38,177.77,177.76,178.439,2169512
20211213,59561,16,13:30:00,13:44:59,177.77,178.085,177.34,178.19,2883923
20211213,59561,17,13:45:00,13:59:59,178.08,178.1696,177.86,178.28,2376601
20211213,59561,18,14:00:00,14:14:59,178.16,178.1311,177.79,178.27,2142119
20211213,59561,19,14:15:00,14:29:59,178.13,178.255,178.05,178.64,2726385
20211213,59561,20,14:30:00,14:44:59,178.25,178.43,178.1,178.6,2021112
20211213,59561,21,14:45:00,14:59:59,178.44,178.65,178.26,178.779,1852012
20211213,59561,22,15:00:00,15:14:59,178.645,178.16,178.12,178.86,2552798
20211213,59561,23,15:15:00,15:29:59,178.16,177.1902,177.18,178.2598,3336102
20211213,59561,24,15:30:00,15:44:59,177.19,177.115,177.1,177.82,3520484
20211213,59561,25,15:45:00,16:00:00,177.115,175.74,175.53,177.21,20228673
20211214,59562,0,9:30:00,9:44:59,175.25,177.0904,174.71,177.74,10428428
20211214,59562,1,9:45:00,9:59:59,177.1,175.8604,175.65,177.41,5814186
20211214,59562,2,10:00:00,10:14:59,175.87,174.7099,174.47,176.09,5864608
20211214,59562,3,10:15:00,10:29:59,174.705,174.51,174.25,175.41,4987004
20211214,59562,4,10:30:00,10:44:59,174.5,174.3568,174.11,175.08,2872569
20211214,59562,5,10:45:00,10:59:59,174.3471,173.36,173.15,174.41,5835512
20211214,59562,6,11:00:00,11:14:59,173.35,173.06,172.39,173.47,5929235
20211214,59562,7,11:15:00,11:29:59,173.07,173.49,172.9801,173.63,3494648
20211214,59562,8,11:30:00,11:44:59,173.5,173.1663,172.7253,173.57,3074985
20211214,59562,9,11:45:00,11:59:59,173.14,173.255,172.855,173.6,2419300
20211214,59562,10,12:00:00,12:14:58,173.24,172.72,172.67,173.29,2226672
20211214,59562,11,12:15:00,12:29:59,172.71,172.56,172.21,172.72,2574317
20211214,59562,12,12:30:00,12:44:59,172.555,172.7915,172.47,173.23,3973172
20211214,59562,13,12:45:00,12:59:59,172.79,173.445,172.61,173.47,2338939
20211214,59562,14,13:00:00,13:14:59,173.43,173.7696,173.35,174.07,2907248
20211214,59562,15,13:15:00,13:29:58,173.77,173.655,173.424,173.85,1782472
20211214,59562,16,13:30:00,13:44:59,173.6516,173.215,173.19,173.7098,1411048
20211214,59562,17,13:45:00,13:59:59,173.215,173.45,173.08,173.58,1577988
20211214,59562,18,14:00:00,14:14:59,173.45,174.14,173.38,174.49,2775109
20211214,59562,19,14:15:00,14:29:59,174.14,174.17,174.035,174.55,2014575
20211214,59562,20,14:30:00,14:44:59,174.1785,174.5516,174.06,174.66,2177455
20211214,59562,21,14:45:00,14:59:58,174.55,174.52,174.16,174.7,2077546
20211214,59562,22,15:00:00,15:14:59,174.52,174.94,174.35,175.04,2711064
20211214,59562,23,15:15:00,15:29:59,174.94,175.3707,174.84,175.5,2706048
20211214,59562,24,15:30:00,15:44:59,175.37,174.635,174.62,175.61,3362391
20211214,59562,25,15:45:00,16:00:00,174.64,174.33,173.77,174.99,20828649
20211215,59563,0,9:30:00,9:44:59,175.11,174.9299,174.1,175.8494,7487828
20211215,59563,1,9:45:00,9:59:59,174.91,173.74,172.96,175.02,5669694
20211215,59563,2,10:00:00,10:14:59,173.73,173.281,172.91,173.8344,3541858
20211215,59563,3,10:15:00,10:29:59,173.29,173.665,173.28,173.94,2604584
20211215,59563,4,10:30:00,10:44:59,173.66,174.16,173.41,174.3,2569206
20211215,59563,5,10:45:00,10:59:59,174.16,173.89,173.7348,174.41,2146013
20211215,59563,6,11:00:00,11:14:59,173.88,173.25,173.17,173.91,1793709
20211215,59563,7,11:15:00,11:29:59,173.25,173.185,172.95,173.32,1912818
20211215,59563,8,11:30:00,11:44:59,173.18,173.04,172.71,173.21,2163141
20211215,59563,9,11:45:00,11:59:59,173.04,172.44,172.42,173.045,2150689
20211215,59563,10,12:00:00,12:14:59,172.43,172.4501,172.38,172.82,1950323
20211215,59563,11,12:15:00,12:29:59,172.45,173.0429,172.3108,173.09,2073814
20211215,59563,12,12:30:00,12:44:59,173.05,172.84,172.8,173.14,1766726
20211215,59563,13,12:45:00,12:59:59,172.84,173.43,172.76,173.44,2155667
20211215,59563,14,13:00:00,13:14:59,173.43,173.44,173.18,173.5,1673729
20211215,59563,15,13:15:00,13:29:59,173.445,173.5573,173.315,173.82,1851881
20211215,59563,16,13:30:00,13:44:57,173.55,173.425,173.3301,173.56,1647423
20211215,59563,17,13:45:00,13:59:59,173.42,173.48,172.86,173.52,1581748
20211215,59563,18,14:00:00,14:14:59,173.46,175.73,172.4,175.9,7493713
20211215,59563,19,14:15:00,14:29:59,175.739,176.17,175.455,176.77,7300117
20211215,59563,20,14:30:00,14:44:59,176.18,177.37,175.69,178.1063,8108634
20211215,59563,21,14:45:00,14:59:59,177.38,177.84,177.1469,178.27,6147204
20211215,59563,22,15:00:00,15:14:59,177.8301,178.5344,177.76,178.87,5808132
20211215,59563,23,15:15:00,15:29:59,178.53,178.76,178.45,179.3386,5026185
20211215,59563,24,15:30:00,15:44:59,178.75,178.22,178.13,178.93,3931110
20211215,59563,25,15:45:00,16:00:00,178.22,179.3,178.07,179.5,17008631
20211216,59564,0,9:30:00,9:44:59,179.28,178.5817,178.35,181.14,10282138
20211216,59564,1,9:45:00,9:59:59,178.61,176.52,176.5,179.09,7187592
20211216,59564,2,10:00:00,10:14:59,176.53,175.64,174.88,176.58,9554414
20211216,59564,3,10:15:00,10:29:59,175.63,175.94,174.53,176.18,6917437
20211216,59564,4,10:30:00,10:44:59,175.935,175.7292,175.5241,176.25,3951042
20211216,59564,5,10:45:00,10:59:59,175.73,175.7826,175.53,176.57,3481758
20211216,59564,6,11:00:00,11:14:59,175.78,174.37,174.24,175.79,4002163
20211216,59564,7,11:15:00,11:29:59,174.38,175.15,174.3799,175.37,3614922
20211216,59564,8,11:30:00,11:44:59,175.145,175.1955,174.63,175.24,2213396
20211216,59564,9,11:45:00,11:59:59,175.19,174.79,174.47,175.47,2489181
20211216,59564,10,12:00:00,12:14:59,174.78,174.86,174.59,175.01,2510315
20211216,59564,11,12:15:00,12:29:59,174.85,174.5576,174.52,175.32,3628452
20211216,59564,12,12:30:00,12:44:59,174.55,174.0691,174.02,174.83,3063479
20211216,59564,13,12:45:00,12:59:59,174.075,173.1552,173.12,174.2964,3989382
20211216,59564,14,13:00:00,13:14:59,173.15,173.7,173.15,173.815,2807517
20211216,59564,15,13:15:00,13:29:59,173.695,174.0389,173.61,174.145,1954979
20211216,59564,16,13:30:00,13:44:59,174.0329,174.15,173.68,174.17,1758815
20211216,59564,17,13:45:00,13:59:59,174.145,173.595,173.59,174.44,2594089
20211216,59564,18,14:00:00,14:14:59,173.6,172.29,172.22,173.79,3845927
20211216,59564,19,14:15:00,14:29:59,172.3,172.08,171.58,172.44,5154005
20211216,59564,20,14:30:00,14:44:59,172.09,172.4,171.77,172.7594,3875249
20211216,59564,21,14:45:00,14:59:59,172.41,171.5909,170.8,172.42,5387496
20211216,59564,22,15:00:00,15:14:59,171.59,171.0283,170.91,172.1,4668215
20211216,59564,23,15:15:00,15:29:59,171.02,171.94,170.75,172.18,5178955
20211216,59564,24,15:30:00,15:44:59,171.945,172.775,171.905,173.2889,6767247
20211216,59564,25,15:45:00,16:00:00,172.78,172.34,171.95,173.33,9650575
20211217,59565,0,9:30:00,9:44:59,169.93,170.77,169.69,171.93,19484138
20211217,59565,1,9:45:00,9:59:59,170.76,171.9401,170.56,173.07,6734476
20211217,59565,2,10:00:00,10:14:59,171.9401,170.0801,170.04,171.96,4473125
20211217,59565,3,10:15:00,10:29:59,170.09,170.36,169.76,170.78,5298933
20211217,59565,4,10:30:00,10:44:59,170.34,171.22,170.06,171.59,4594716
20211217,59565,5,10:45:00,10:59:59,171.23,172.52,171.18,172.81,5032519
20211217,59565,6,11:00:00,11:14:59,172.51,173.44,171.91,173.47,3661163
20211217,59565,7,11:15:00,11:29:59,173.44,173.135,172.68,173.4691,3213910
20211217,59565,8,11:30:00,11:44:59,173.12,171.6,171.35,173.24,4479209
20211217,59565,9,11:45:00,11:59:59,171.6,171.03,170.3551,171.66,4698935
20211217,59565,10,12:00:00,12:14:59,171,170.795,169.86,171.005,3423752
20211217,59565,11,12:15:00,12:29:59,170.79,170.7458,170.1107,171.09,3058859
20211217,59565,12,12:30:00,12:44:59,170.73,170.525,170.43,171.32,2968950
20211217,59565,13,12:45:00,12:59:59,170.53,170.81,170.2799,170.92,2702466
20211217,59565,14,13:00:00,13:14:59,170.81,171.0215,170.47,171.26,2607667
20211217,59565,15,13:15:00,13:29:59,171.025,171.9,170.91,171.97,3085305
20211217,59565,16,13:30:00,13:44:59,171.9082,171.42,171.15,172.29,2767278
20211217,59565,17,13:45:00,13:59:59,171.4288,172.4516,171.42,172.47,2832773
20211217,59565,18,14:00:00,14:14:59,172.45,172.25,172.02,172.73,2627676
20211217,59565,19,14:15:00,14:29:59,172.28,171.85,171.66,172.73,2920844
20211217,59565,20,14:30:00,14:44:59,171.8428,172.62,171.75,172.64,2478868
20211217,59565,21,14:45:00,14:59:59,172.625,172.33,172.03,173.09,3036138
20211217,59565,22,15:00:00,15:14:59,172.32,171.81,171.77,172.8,2872751
20211217,59565,23,15:15:00,15:29:59,171.8,171.735,171.585,172.24,3077302
20211217,59565,24,15:30:00,15:44:59,171.73,171.6,170.98,171.84,4702659
20211217,59565,25,15:45:00,16:00:00,171.59,171.14,170.5,171.68,52898919
20211220,59568,0,9:30:00,9:44:59,168.28,169.4,167.46,169.75,8302203
20211220,59568,1,9:45:00,9:59:59,169.38,169.55,168.6004,169.95,4671558
20211220,59568,2,10:00:00,10:14:59,169.55,168.37,168.1,169.58,4013997
20211220,59568,3,10:15:00,10:29:59,168.36,167.945,167.7201,168.8,4239098
20211220,59568,4,10:30:00,10:44:59,167.94,169.09,167.7301,169.0995,3364781
20211220,59568,5,10:45:00,10:59:59,169.09,168.391,168.3,169.1484,3096458
20211220,59568,6,11:00:00,11:14:59,168.39,168.275,167.95,168.59,2720675
20211220,59568,7,11:15:00,11:29:59,168.2742,168.73,168.12,169.13,2618765
20211220,59568,8,11:30:00,11:44:59,168.73,168.835,168.31,169.145,2411146
20211220,59568,9,11:45:00,11:59:59,168.83,169.5421,168.59,169.69,2694122
20211220,59568,10,12:00:00,12:14:59,169.535,169.789,169.26,169.9001,2246830
20211220,59568,11,12:15:00,12:29:59,169.78,170.105,169.74,170.58,3411639
20211220,59568,12,12:30:00,12:44:59,170.1,169.32,169.22,170.135,2481160
20211220,59568,13,12:45:00,12:59:59,169.32,169.025,168.89,169.49,2277479
20211220,59568,14,13:00:00,13:14:59,169.03,169.3883,168.82,169.45,1888571
20211220,59568,15,13:15:00,13:29:58,169.37,169.4216,169.25,169.57,1618157
20211220,59568,16,13:30:00,13:44:59,169.421,169.74,169.185,170.07,2115554
20211220,59568,17,13:45:00,13:59:59,169.74,169.76,169.52,170.025,1638135
20211220,59568,18,14:00:00,14:14:58,169.76,169.92,169.72,170.29,2117797
20211220,59568,19,14:15:00,14:29:59,169.92,169.5984,169.42,170.29,2257836
20211220,59568,20,14:30:00,14:44:58,169.59,169.69,169.36,169.8477,1717885
20211220,59568,21,14:45:00,14:59:58,169.69,169.95,169.62,170.235,1816464
20211220,59568,22,15:00:00,15:14:59,169.95,169.55,169.54,170.43,2152631
20211220,59568,23,15:15:00,15:29:59,169.56,169.78,169.44,170.06,2597291
20211220,59568,24,15:30:00,15:44:59,169.77,169.4,169.1001,169.77,2864208
20211220,59568,25,15:45:00,16:00:00,169.4,169.84,169.09,170.19,6440682
20211221,59569,0,9:30:00,9:44:59,171.555,170.909,170.75,172.32,6268057
20211221,59569,1,9:45:00,9:59:59,170.92,170.3311,170.02,170.925,4413705
20211221,59569,2,10:00:00,10:14:59,170.34,170.23,170.025,170.96,3615404
20211221,59569,3,10:15:00,10:29:59,170.22,169.5729,169.35,170.47,3377782
20211221,59569,4,10:30:00,10:44:59,169.585,169.39,169.2716,169.82,2260849
20211221,59569,5,10:45:00,10:59:59,169.3909,169.85,169.12,169.97,2756736
20211221,59569,6,11:00:00,11:14:59,169.84,170.5399,169.82,170.7,2774632
20211221,59569,7,11:15:00,11:29:59,170.54,170.2991,170.185,170.58,2021849
20211221,59569,8,11:30:00,11:44:59,170.3,171.14,170.14,171.25,2800824
20211221,59569,9,11:45:00,11:59:59,171.14,170.735,170.64,171.1699,2046916
20211221,59569,10,12:00:00,12:14:59,170.74,170.775,170.46,170.95,1883897
20211221,59569,11,12:15:00,12:29:59,170.78,171.485,170.71,171.54,2014608
20211221,59569,12,12:30:00,12:44:59,171.49,170.915,170.8417,171.53,1865114
20211221,59569,13,12:45:00,12:59:59,170.92,170.995,170.7117,171.1,1857684
20211221,59569,14,13:00:00,13:14:59,171,170.72,170.66,171.1,1603630
20211221,59569,15,13:15:00,13:29:59,170.725,170.9612,170.6704,171.03,1475281
20211221,59569,16,13:30:00,13:44:59,170.9751,171.2198,170.81,171.3,1699155
20211221,59569,17,13:45:00,13:59:58,171.22,171.24,170.92,171.315,1732672
20211221,59569,18,14:00:00,14:14:58,171.25,171.6301,171.1901,171.79,1968913
20211221,59569,19,14:15:00,14:29:59,171.635,172.0899,171.43,172.09,2066599
20211221,59569,20,14:30:00,14:44:57,172.09,172.13,172.02,172.42,2710404
20211221,59569,21,14:45:00,14:59:59,172.121,172.9382,172.121,173.03,2966182
20211221,59569,22,15:00:00,15:14:59,172.94,172.6892,172.56,173.04,2490559
20211221,59569,23,15:15:00,15:29:56,172.685,172.577,172.37,172.81,1917648
20211221,59569,24,15:30:00,15:44:59,172.575,172.415,172.34,172.87,2202283
20211221,59569,25,15:45:00,16:00:00,172.415,172.99,172.191,173.2,10729656
20211222,59570,0,9:30:00,9:44:59,173.04,173.198,172.15,173.68,5837764
20211222,59570,1,9:45:00,9:59:59,173.21,173.72,173.19,174.04,4703370
20211222,59570,2,10:00:00,10:14:59,173.73,173.37,172.89,173.8,3901899
20211222,59570,3,10:15:00,10:29:59,173.38,173.625,173.33,174.16,3312606
20211222,59570,4,10:30:00,10:44:59,173.63,174.13,173.5401,174.38,3476284
20211222,59570,5,10:45:00,10:59:59,174.14,174.48,174.03,174.525,2754891
20211222,59570,6,11:00:00,11:14:59,174.47,174.1,173.73,174.4967,2375838
20211222,59570,7,11:15:00,11:29:59,174.0978,173.855,173.56,174.22,2307462
20211222,59570,8,11:30:00,11:44:59,173.86,173.8932,173.7,174.08,1741056
20211222,59570,9,11:45:00,11:59:59,173.9,174.12,173.61,174.15,1736031
20211222,59570,10,12:00:00,12:14:59,174.13,174.4332,174,174.61,3094341
20211222,59570,11,12:15:00,12:29:59,174.44,174.37,174.1401,174.47,1543441
20211222,59570,12,12:30:00,12:44:59,174.37,174.3299,174.14,174.4599,1081240
20211222,59570,13,12:45:00,12:59:58,174.32,174.5268,174.215,174.56,1249170
20211222,59570,14,13:00:01,13:14:59,174.51,174.6504,174.27,174.75,1823242
20211222,59570,15,13:15:00,13:29:59,174.6596,174.21,174.17,174.74,1409924
20211222,59570,16,13:30:00,13:44:59,174.195,173.8752,173.77,174.44,1663771
20211222,59570,17,13:45:00,13:59:59,173.88,174.1099,173.86,174.16,1185194
20211222,59570,18,14:00:00,14:14:58,174.11,173.9848,173.89,174.16,1262956
20211222,59570,19,14:15:00,14:29:59,173.9813,173.7103,173.62,174.03,1354489
20211222,59570,20,14:30:00,14:44:59,173.72,174.16,173.48,174.215,2646874
20211222,59570,21,14:45:00,14:59:58,174.16,174.52,174.06,174.59,2118858
20211222,59570,22,15:00:00,15:14:58,174.52,174.62,174.36,174.68,1697003
20211222,59570,23,15:15:00,15:29:59,174.6139,174.925,174.61,175.03,2980830
20211222,59570,24,15:30:00,15:44:59,174.915,175.1101,174.761,175.17,2564889
20211222,59570,25,15:45:00,16:00:00,175.115,175.64,174.76,175.86,11346135
20211223,59571,0,9:30:00,9:44:59,175.85,175.7,175.27,176.28,6081545
20211223,59571,1,9:45:00,9:59:59,175.71,175.89,175.34,175.97,3456072
20211223,59571,2,10:00:00,10:14:59,175.8884,176.3372,175.75,176.39,2883797
20211223,59571,3,10:15:00,10:29:59,176.33,176.4413,176.025,176.45,2365098
20211223,59571,4,10:30:00,10:44:59,176.45,176.115,176.111,176.51,2051173
20211223,59571,5,10:45:00,10:59:58,176.12,176.47,176.0602,176.54,2062803
20211223,59571,6,11:00:00,11:14:59,176.48,176.21,176.2,176.51,1399211
20211223,59571,7,11:15:00,11:29:59,176.2,175.7161,175.67,176.34,1828687
20211223,59571,8,11:30:00,11:44:59,175.72,176.0312,175.71,176.06,1640570
20211223,59571,9,11:45:00,11:59:59,176.04,176.18,175.914,176.18,1486949
20211223,59571,10,12:00:00,12:14:59,176.18,176.05,175.97,176.24,1733203
20211223,59571,11,12:15:00,12:29:59,176.06,175.9823,175.8444,176.1,1224129
20211223,59571,12,12:30:00,12:44:59,175.9884,176.0894,175.795,176.19,1428993
20211223,59571,13,12:45:02,12:59:58,176.083,176.255,176.035,176.31,1172601
20211223,59571,14,13:00:00,13:14:59,176.26,176.15,175.99,176.34,1061077
20211223,59571,15,13:15:00,13:29:59,176.16,176.19,176.02,176.24,916084
20211223,59571,16,13:30:00,13:44:59,176.19,176.0958,176.03,176.28,841252
20211223,59571,17,13:45:01,13:59:59,176.1,175.99,175.99,176.2,802007
20211223,59571,18,14:00:00,14:14:58,175.99,175.9475,175.76,176.03,1533406
20211223,59571,19,14:15:00,14:29:59,175.9608,176.06,175.79,176.19,1433138
20211223,59571,20,14:30:00,14:44:58,176.06,176.215,175.9522,176.26,1137244
20211223,59571,21,14:45:00,14:59:59,176.21,176.49,176.21,176.6414,1947886
20211223,59571,22,15:00:00,15:14:59,176.5,176.265,176.08,176.53,1749376
20211223,59571,23,15:15:00,15:29:59,176.262,176.215,176.2,176.49,1598833
20211223,59571,24,15:30:00,15:44:59,176.21,176.59,175.97,176.61,2368695
20211223,59571,25,15:45:00,15:59:59,176.58,176.29,176.13,176.8499,5426529
20211227,59575,0,9:30:00,9:44:59,177.085,178.17,177.07,178.46,5834829
20211227,59575,1,9:45:00,9:59:59,178.18,177.2889,177.28,178.47,3346285
20211227,59575,2,10:00:00,10:14:59,177.3,177.38,177.17,177.92,2997779
20211227,59575,3,10:15:00,10:29:59,177.375,177.615,177.13,177.62,2306386
20211227,59575,4,10:30:00,10:44:59,177.62,177.971,177.492,178.13,2193104
20211227,59575,5,10:45:00,10:59:59,177.97,178.4599,177.8289,178.47,2215231
20211227,59575,6,11:00:00,11:14:59,178.455,178.6799,178.17,178.74,2089342
20211227,59575,7,11:15:00,11:29:59,178.6799,178.725,178.25,178.87,2074951
20211227,59575,8,11:30:00,11:44:59,178.73,178.71,178.515,178.85,1407261
20211227,59575,9,11:45:00,11:59:59,178.715,178.836,178.43,178.87,1418883
20211227,59575,10,12:00:00,12:14:59,178.84,179.0368,178.78,179.07,1934119
20211227,59575,11,12:15:00,12:29:59,179.035,179.3222,178.91,179.33,1998129
20211227,59575,12,12:30:00,12:44:59,179.3201,179.09,179.04,179.3699,1584399
20211227,59575,13,12:45:00,12:59:59,179.09,179.25,178.93,179.32,1613226
20211227,59575,14,13:00:00,13:14:59,179.25,179.48,179.07,179.49,1520071
20211227,59575,15,13:15:00,13:29:59,179.4701,179.6001,179.3701,179.665,1454911
20211227,59575,16,13:30:00,13:44:59,179.6058,179.73,179.59,179.97,1951653
20211227,59575,17,13:45:00,13:59:59,179.7302,179.895,179.65,179.92,1602558
20211227,59575,18,14:00:00,14:14:59,179.89,179.92,179.8,179.97,1475040
20211227,59575,19,14:15:00,14:29:57,179.915,180.125,179.8326,180.23,2447647
20211227,59575,20,14:30:00,14:44:59,180.1249,179.665,179.66,180.135,1716970
20211227,59575,21,14:45:00,14:59:59,179.67,179.91,179.535,179.935,1819653
20211227,59575,22,15:00:00,15:14:59,179.91,179.7794,179.65,180,1714757
20211227,59575,23,15:15:00,15:29:59,179.775,179.91,179.56,179.95,1810455
20211227,59575,24,15:30:00,15:44:59,179.91,180.1049,179.78,180.15,2338616
20211227,59575,25,15:45:00,16:00:00,180.105,180.3,180.06,180.42,4906064
20211228,59576,0,9:30:00,9:44:59,180.16,179.59,178.9,180.43,5879824
20211228,59576,1,9:45:00,9:59:59,179.58,179.98,179.35,180.23,3661640
20211228,59576,2,10:00:00,10:14:59,179.99,178.87,178.75,180.16,3971598
20211228,59576,3,10:15:00,10:29:59,178.86,179.2098,178.53,179.32,2696850
20211228,59576,4,10:30:00,10:44:59,179.205,179.515,179.04,179.74,2201027
20211228,59576,5,10:45:00,10:59:59,179.5,179.9,179.44,180.02,2239641
20211228,59576,6,11:00:00,11:14:59,179.89,180.63,179.89,181.33,5520653
20211228,59576,7,11:15:00,11:29:59,180.65,179.98,179.85,180.69,2931237
20211228,59576,8,11:30:00,11:44:59,179.99,179.8884,179.85,180.21,2334615
20211228,59576,9,11:45:00,11:59:59,179.8784,180.52,179.6901,180.62,2463606
20211228,59576,10,12:00:00,12:14:59,180.52,180.1701,180.06,180.66,1944260
20211228,59576,11,12:15:00,12:29:59,180.17,179.76,179.71,180.39,1793078
20211228,59576,12,12:30:00,12:44:59,179.7674,179.455,179.29,179.92,2701381
20211228,59576,13,12:45:00,12:59:59,179.47,179.49,179.28,179.58,1738764
20211228,59576,14,13:00:00,13:14:59,179.48,179.575,179.28,179.71,1429240
20211228,59576,15,13:15:00,13:29:58,179.57,179.9477,179.57,179.99,1730881
20211228,59576,16,13:30:00,13:44:59,179.94,179.4699,179.44,180.03,1555748
20211228,59576,17,13:45:00,13:59:59,179.47,179.7556,179.391,179.85,1187283
20211228,59576,18,14:00:00,14:14:58,179.74,179.225,179.07,179.75,2067852
20211228,59576,19,14:15:00,14:29:59,179.22,179.39,179.12,179.44,1576593
20211228,59576,20,14:30:00,14:44:59,179.39,179.37,179.3324,179.54,1223093
20211228,59576,21,14:45:00,14:59:59,179.36,179.5,179.16,179.645,1359281
20211228,59576,22,15:00:00,15:14:59,179.5,179.466,179.32,179.55,1164877
20211228,59576,23,15:15:00,15:29:59,179.46,179.305,179.2632,179.63,1720538
20211228,59576,24,15:30:00,15:44:59,179.3,179.695,179.14,179.82,2468950
20211228,59576,25,15:45:00,15:59:59,179.7173,179.39,179.145,179.78,4742342
20211229,59577,0,9:30:00,9:44:59,179.33,179.8,179.25,180.47,4612789
20211229,59577,1,9:45:00,9:59:59,179.8,180.32,179.68,180.63,3830181
20211229,59577,2,10:00:00,10:14:59,180.31,178.8701,178.85,180.37,3361645
20211229,59577,3,10:15:00,10:29:59,178.8799,179.1922,178.14,179.25,3838571
20211229,59577,4,10:30:00,10:44:59,179.19,179.42,178.82,179.555,2329655
20211229,59577,5,10:45:00,10:59:59,179.41,179.825,179.36,179.94,2120875
20211229,59577,6,11:00:00,11:14:59,179.82,179.62,179.56,179.94,1650030
20211229,59577,7,11:15:00,11:29:59,179.63,179.27,179.24,179.83,1505969
20211229,59577,8,11:30:00,11:44:58,179.27,179.31,179.13,179.54,1657775
20211229,59577,9,11:45:00,11:59:59,179.3,179.075,178.85,179.36,2032899
20211229,59577,10,12:00:00,12:14:59,179.0769,178.8299,178.78,179.1,1067613
20211229,59577,11,12:15:02,12:29:59,178.83,178.89,178.675,179.146,1298338
20211229,59577,12,12:30:00,12:44:55,178.875,179.1242,178.8115,179.16,1001191
20211229,59577,13,12:45:00,12:59:59,179.12,179.325,178.96,179.3672,887231
20211229,59577,14,13:00:00,13:14:59,179.33,179.2635,179.191,179.4745,1255689
20211229,59577,15,13:15:00,13:29:58,179.27,179.0978,179.01,179.28,797729
20211229,59577,16,13:30:03,13:44:58,179.1,179.27,179.09,179.3,830883
20211229,59577,17,13:45:00,13:59:58,179.2662,179.13,179.04,179.29,982320
20211229,59577,18,14:00:00,14:14:59,179.12,179.355,178.98,179.37,1073574
20211229,59577,19,14:15:00,14:29:59,179.355,179.4174,179.2201,179.51,1052403
20211229,59577,20,14:30:00,14:44:57,179.4172,179.405,179.36,179.6434,1220275
20211229,59577,21,14:45:00,14:59:59,179.41,179.57,179.31,179.63,1063238
20211229,59577,22,15:00:00,15:14:59,179.56,179.4396,179.36,179.59,1340279
20211229,59577,23,15:15:00,15:29:59,179.44,179.4714,179.3835,179.68,1807650
20211229,59577,24,15:30:00,15:44:59,179.47,179.6289,179.469,179.79,2361127
20211229,59577,25,15:45:00,16:00:00,179.63,179.38,179.35,179.8,6697143
20211230,59578,0,9:30:00,9:44:59,179.47,179.355,178.89,179.928,4298107
20211230,59578,1,9:45:00,9:59:59,179.3599,179.5285,179.0217,179.605,2472397
20211230,59578,2,10:00:00,10:14:59,179.53,180.22,179.49,180.26,3356381
20211230,59578,3,10:15:00,10:29:59,180.21,180.3175,180.1111,180.57,3267175
20211230,59578,4,10:30:00,10:44:59,180.31,180.0009,179.84,180.4,2385047
20211230,59578,5,10:45:00,10:59:59,180.01,180.005,179.8,180.265,2068344
20211230,59578,6,11:00:00,11:14:59,180.01,180,179.75,180.07,1675513
20211230,59578,7,11:15:00,11:29:59,180,180.0158,179.88,180.1599,1429505
20211230,59578,8,11:30:00,11:44:59,180.0189,179.67,179.6401,180.02,1735792
20211230,59578,9,11:45:00,11:59:59,179.67,179.805,179.59,179.8527,1130571
20211230,59578,10,12:00:00,12:14:59,179.8,179.785,179.73,179.96,1008626
20211230,59578,11,12:15:00,12:29:57,179.78,179.7159,179.53,179.8,1193871
20211230,59578,12,12:30:00,12:44:58,179.72,179.77,179.65,179.84,737117
20211230,59578,13,12:45:00,12:59:59,179.77,179.8358,179.72,179.89,726201
20211230,59578,14,13:00:00,13:14:59,179.83,179.45,179.43,179.8599,1027900
20211230,59578,15,13:15:00,13:29:59,179.45,179.3515,179.2801,179.555,1144724
20211230,59578,16,13:30:00,13:44:59,179.3521,179.365,179.25,179.41,1151228
20211230,59578,17,13:45:00,13:59:59,179.3691,179.285,179.16,179.42,1542435
20211230,59578,18,14:00:00,14:14:58,179.28,178.94,178.66,179.2862,1950770
20211230,59578,19,14:15:00,14:29:59,178.94,178.975,178.89,179.09,1127419
20211230,59578,20,14:30:00,14:44:59,178.97,179.2596,178.95,179.27,1331566
20211230,59578,21,14:45:01,14:59:59,179.257,179.24,179.16,179.3481,1129372
20211230,59578,22,15:00:00,15:14:59,179.2458,179.005,178.82,179.305,1362312
20211230,59578,23,15:15:00,15:29:59,179.0028,178.96,178.89,179.07,1063882
20211230,59578,24,15:30:00,15:44:58,178.9601,178.735,178.58,179.04,2014444
20211230,59578,25,15:45:00,16:00:00,178.735,178.2,178.09,178.775,7487601
20211231,59579,0,9:30:00,9:44:59,178.085,178.425,177.72,179.23,3848112
20211231,59579,1,9:45:00,9:59:59,178.44,177.88,177.73,178.58,2027974
20211231,59579,2,10:00:00,10:14:59,177.89,177.9699,177.32,178.085,2490715
20211231,59579,3,10:15:00,10:29:59,177.9601,178.2602,177.9311,178.5899,2157310
20211231,59579,4,10:30:00,10:44:59,178.26,178.295,177.9601,178.33,1562433
20211231,59579,5,10:45:00,10:59:59,178.29,178.395,177.9,178.48,1606821
20211231,59579,6,11:00:00,11:14:59,178.3908,178.12,178,178.42,1234234
20211231,59579,7,11:15:00,11:29:59,178.12,178.36,178.0201,178.43,1201611
20211231,59579,8,11:30:00,11:44:58,178.355,178.06,177.87,178.3999,1147079
20211231,59579,9,11:45:00,11:59:59,178.05,177.705,177.64,178.15,1285991
20211231,59579,10,12:00:00,12:14:59,177.71,177.52,177.46,177.84,1067257
20211231,59579,11,12:15:00,12:29:58,177.52,177.51,177.26,177.645,1427263
20211231,59579,12,12:30:00,12:44:59,177.52,177.65,177.42,177.8,1014093
20211231,59579,13,12:45:00,12:59:59,177.66,177.56,177.41,177.66,983429
20211231,59579,14,13:00:00,13:14:56,177.56,177.5434,177.495,177.74,959245
20211231,59579,15,13:15:01,13:29:59,177.54,177.63,177.48,177.75,1128729
20211231,59579,16,13:30:00,13:44:59,177.62,177.45,177.42,177.91,1329905
20211231,59579,17,13:45:01,13:59:59,177.45,177.55,177.355,177.6,1113538
20211231,59579,18,14:00:00,14:14:59,177.55,177.6,177.47,177.68,1134988
20211231,59579,19,14:15:00,14:29:59,177.6,177.4,177.29,177.65,1060597
20211231,59579,20,14:30:00,14:44:59,177.395,177.65,177.38,177.7,1214238
20211231,59579,21,14:45:00,14:59:58,177.65,177.605,177.51,177.75,1111262
20211231,59579,22,15:00:00,15:14:59,177.61,177.675,177.6,177.9,1567444
20211231,59579,23,15:15:00,15:29:59,177.6717,177.845,177.6101,177.89,1600255
20211231,59579,24,15:30:00,15:44:59,177.84,178.0546,177.57,178.1,2331723
20211231,59579,25,15:45:00,16:00:00,178.06,177.57,177.44,178.27,12356731